verb,subject,label
 absorb,cloth,0.1888819246403927
 absorb,shirt,0.2008319153600114
 absorb,sponge,0.2750720386011956
 absorb,paper,0.07870211360750072
 absorb,soil,0.1375360193005978
 attach,cream,0.24500213086836461
 attach,glue,0.21339567014584448
 attach,man,0.04795287526653659
 attach,tape,0.2612500858395164
 attack,bush,0.09263169161637931
 attack,coal,0.13745116662216111
 attack,dog,0.02636631557434517
 attack,feather,0.10685711534960465
 attack,monkey,0.04182181522405398
 attack,rock,0.07332899438623272
 attack,victim,0.13745116662216111
 bake,witch,0.32521580474931194
 bake,horse,0.061998243165295945
 bake,rabbit,0.06475281733350799
 beat,cup,0.11255930051446814
 beat,lake,0.14895375863272306
 beat,man,0.01037685469263039
 beat,mud,0.14895375863272306
 beat,smoke,0.13284895435813066
 beat,student,0.07947670441642384
 beat,sun,0.12142241388030217
 bend,spoon,0.18269363466175834
 bend,arms,0.11349953533306177
 bend,chef,0.029710114078382373
 bend,gorilla,0.04969632224698946
 bend,infant,0.03293843799605357
 bend,man,-0.004365753214572826
 bend,pole,0.11349953533306177
 bend,policeman,0.05148799485888757
 bend,superman,0.11349953533306177
 bend,worm,0.042313257756408304
 bite,bear,0.10385159362921742
 bite,cat,0.06929273593582175
 bite,clown,0.08102646532144642
 bite,finger,0.07731598653457664
 bite,flea,0.20520383267789413
 bite,man,0.006358469793655802
 bite,policeman,0.10058688038820948
 bite,wolf,0.12038935635216809
 break,bike,0.21157013961645915
 break,brush,0.26576114268546863
 break,fist,0.16977566723869816
 break,girl,0.06380032263497584
 break,student,0.11109731957797975
 breed,man,0.04483349542457305
 breed,monkey,0.1549699056920734
 breed,butterfly,0.11374903536654989
 breed,dentist,0.09058876863205159
 breed,elephant,0.039396393882535914
 breed,fish,0.12924173518728882
 breed,policeman,0.08420568230536249
 breed,student,0.062405334877818415
 breed,turtle,0.14023398064362175
 build,man,0.17098021697120663
 build,ant,0.18827101823231213
 build,chair,0.14017947207954903
 build,engineer,0.2152739412488888
 burn,man,0.11684489713885925
 burn,clown,0.12040538223205528
 burn,dentist,0.15563955586556522
 burn,dog,0.06894245874052564
 burn,dolphin,0.17299183344544397
 bury,man,0.08845417709088507
 bury,bear,0.11423341743551502
 bury,bush,0.15034606944064205
 bury,plant,0.2167345865580681
 bury,student,0.08739700241294125
 capsize,girl,0.11025840634839276
 capsize,barge,0.17731562836264603
 capsize,bike,0.13784849571571423
 capsize,chef,0.05281068698714249
 capsize,man,0.0021764446675383528
 capsize,spatula,0.0734803747936817
 capsize,student,0.06467446513317873
 carry,basket,0.19106911377737293
 carry,bear,0.1007060210360876
 carry,boat,0.10387017093650001
 carry,dog,0.04601057189051875
 carry,horse,0.07549987376868723
 carry,pet,0.19106911377737293
 catch,net,0.2155017909742674
 catch,son,0.23587374726957547
 catch,apple,0.10052382897791398
 catch,cloth,0.06009199137159056
 catch,girl,0.01507992391018904
 catch,man,-0.004536435181666873
 catch,purse,0.11793687363478773
 catch,rabbit,0.0402845917151817
 catch,shirt,0.06569773966416649
 chafe,air,0.0703310816377976
 chafe,boat,0.08426105927288098
 chafe,closet,0.13881221247843348
 chafe,heel,0.16099260277356098
 chafe,knee,0.16099260277356098
 chafe,man,0.004988535488733056
 chafe,pebbles,0.1094913313917374
 chafe,person,0.1258375159044244
 chafe,woman,0.04063593266957406
 chafe,wool,0.10365712560929691
 chew,child,0.06839214592801937
 chew,gorilla,0.12932265090264725
 chew,lion,0.1259108974170964
 chew,monkey,0.09001272347240898
 chew,rabbit,0.10697161972924345
 chew,teeth,0.25982617755447207
 chew,wolf,0.15699610576702472
 chill,freezer,0.22916566571371194
 chill,ice,0.08274558040501433
 chill,lake,0.11053331574531382
 chill,student,0.05748650327421961
 chill,sun,0.08951270543544126
 choke,man,0.17125245400184316
 choke,girl,0.15113993464832662
 choke,dentist,0.12497718150717824
 choke,dog,0.04662464627861389
 choke,elephant,0.059000525563287505
 choke,gorilla,0.11310125172620526
 choke,panda,0.2430605825933738
 choke,rabbit,0.09084342368117163
 chop,knife,0.10870437635745331
 chop,man,0.035969844540120914
 chop,chicken,0.14618810755785355
 chop,cup,0.07560101910855274
 chop,girl,0.02067358797078845
 chop,pumpkin,0.14618810755785355
 chop,rabbit,0.05143039905030896
 chop,saw,0.11250950734991538
 clean,broom,0.163116216203485
 clean,elephant,0.03959483014981801
 clean,lion,0.073621384261467
 clean,policeman,0.07835053808113049
 clean,rabbit,0.06096437102116426
 clean,water,0.05949534248573162
 clench,girl,0.22072293489448025
 clench,man,0.04439601964025168
 clench,ant,0.04811881957189574
 clench,clown,0.07146133814848958
 clench,hand,0.03476709983875822
 clench,infant,0.05900258542703342
 clench,rabbit,0.06944667881829948
 clench,scissors,0.06221200647952717
 clench,student,0.06752159007994674
 clench,wrench,0.20331158478795902
 climb,dog,0.11639213746764648
 climb,girl,0.10806623791747227
 climb,bug,0.1450116609215424
 climb,clown,0.06812587342542002
 climb,gorilla,0.0841463994267007
 climb,man,-0.004206798403061142
 climb,student,0.06453144394435405
 climb,woman,0.039808878584534246
 climb,worm,0.07208031887102542
 clip,knife,0.17343068582213317
 clip,barber,0.158653201857643
 clip,dentist,0.11343716517034126
 clip,girl,0.03761011477607447
 clip,man,0.00270794468092595
 clip,pin,0.13363977244495417
 clip,student,0.08046833280958472
 clip,wool,0.14052992320893165
 close,dog,0.1942057994643152
 close,girl,0.1824140859593533
 close,gorilla,0.13385554886579135
 close,man,0.008723652933419897
 close,monkey,0.0893721611257245
 close,policeman,0.13800254819763008
 close,water,0.10607549530322165
 construct,bear,0.12838858329028685
 construct,bird,0.18970204441765862
 construct,brick,0.16710908876259856
 construct,clown,0.10363772097550124
 construct,kid,0.20763508219212704
 construct,pillow,0.11851932042444427
 contain,bag,0.4763694608768881
 contain,can,0.15878982029229605
 contain,closet,0.13836118415637713
 contain,plane,0.13836118415637713
 cook,chef,0.17142310165653407
 cook,man,0.04571527964972106
 cook,woman,0.14507107658779325
 cook,barber,0.14753234360565112
 cook,cup,0.10667102219533425
 cook,dog,0.031467282518832594
 cook,elephant,0.04267446739129346
 cook,girl,0.026768806648138698
 cook,stove,0.13758141858402628
 cool,freezer,0.23621285352452825
 cool,ice,0.21451924995681668
 cool,ac,0.1562040611275146
 cool,air,0.0700435273513269
 cool,hair,0.12279428582651089
 cool,house,0.10725962497840834
 cool,sun,0.09296639723489447
 count,calculator,0.380885389308748
 count,infant,0.18957715769484942
 count,banker,0.190442694654374
 count,chef,0.06482514944892852
 count,policeman,0.09747466393965108
 count,student,0.07679494495344896
 cover,casket,0.3747697002184969
 cover,pillow,0.22775681512056276
 cover,car,0.10338336858547577
 cover,chef,0.060950022014902
 cover,shirt,0.1115239532526406
 cover,woman,0.050171079818214295
 crash,brick,0.12428114370572264
 crash,building,0.15552504067739892
 crash,pebbles,0.12428114370572264
 crash,pillow,0.08682040339161223
 crash,plane,0.15552504067739892
 crash,rock,0.1006460480507366
 create,girl,0.15399440885082644
 create,chef,0.0735643634647723
 create,dog,0.045732494546279326
 create,infant,0.08066697483629369
 create,lion,0.1138661005705054
 create,woman,0.05784845249334746
 crop,girl,0.18277990897931712
 crop,knife,0.2254888477888767
 crop,fire,0.1761535801942858
 crop,man,0.013759386470856673
 crop,policeman,0.1354322962115407
 crop,shirt,0.16100234303077535
 crop,student,0.10538363732434773
 crush,apple,0.13677909693545598
 crush,club,0.1591256030657878
 crush,dog,0.030523974219321782
 crush,feather,0.1237072288270764
 crush,girl,0.027127236159822564
 crush,infant,0.05169801682934662
 crush,jaw,0.1591256030657878
 crush,man,0.0019531728447142183
 crush,wool,0.10136072269674457
 curb,girl,0.020256931630405837
 curb,house,0.08697870232915583
 curb,man,-0.0007096020105963096
 curb,rabbit,0.04719641173316661
 curb,snake,0.11158185597708582
 curb,snow,0.10069478705164153
 curb,stairs,0.1301934232348544
 curb,step,0.1301934232348544
 curb,wind,0.06836713507138727
 cut,knife,0.20426413411638816
 cut,air,0.11028708736090377
 cut,bread,0.25245460233338457
 cut,girl,0.04700491635285141
 cut,hand,0.05716736014154881
 cut,man,0.007822587630348576
 cut,scissors,0.08896691817338569
 cut,water,0.09511896722337658
 cut,wind,0.1369134266678125
 damage,knife,0.2774004790001427
 damage,dog,0.03520104676022885
 damage,laptop,0.17013805225826226
 damage,man,-0.001081988670148987
 damage,pillow,0.0876445942945699
 damage,wool,0.12515905042558445
 dampen,water,0.2824469269597254
 dampen,girl,0.05825400400911695
 dampen,man,0.019036674411722045
 dampen,pebbles,0.1830552571689413
 dampen,rain,0.20871081972199879
 dampen,rock,0.14824282799158753
 dampen,scissors,0.10025348973690805
 destroy,cat,0.2418314794640398
 destroy,clown,0.10307932454107954
 destroy,oven,0.1886799364032382
 destroy,stove,0.16620871080709962
 dig,water,0.244138654910584
 dig,grass,0.19800537598766724
 dig,pen,0.16791455600596844
 dig,scissors,0.08665611057595544
 dig,shovel,0.1503125547007238
 dig,spatula,0.10261973341378036
 drag,water,0.20599712928852196
 drag,chef,0.06387329190607456
 drag,dog,0.04386894459874218
 drag,lion,0.09284044278311111
 drag,rope,0.11687283753373687
 drain,girl,0.13070583559493543
 drain,man,0.06020019793290878
 drain,chef,0.06243922534867408
 drain,pen,0.1563188651499208
 drain,pipe,0.12502565188283854
 draw,child,0.23406584263027236
 draw,chef,0.10081647729323656
 draw,elephant,0.08548775751162141
 draw,house,0.20545474061002533
 draw,wind,0.16638250243859065
 drink,leopard,0.4642393117276038
 drink,clown,0.09453567269603538
 drink,man,0.01180626347625618
 drink,monkey,0.0769355022224516
 drink,table,0.14418268884515595
 drink,worm,0.09905851040183081
 drive,girl,0.14367564355545284
 drive,robot,0.4434922244831062
 drive,elephant,0.05700775691516431
 drive,lion,0.10238838889205927
 drop,woman,0.719580592518119
 drop,dog,0.24981438522950067
 drop,man,0.030605022252380324
 dump,bowl,0.40356226323390537
 dump,student,0.1581181120435007
 dump,truck,0.22508641728507814
 dump,water,0.1581181120435007
 dump,man,0.001920924252706605
 dump,scissors,0.05319417114130844
 eat,dog,0.12220192145206396
 eat,woman,0.14012647852031188
 eat,worm,0.20439827129711224
 eat,cheetah,0.1907773952455968
 eat,girl,0.029683255544680803
 eat,goat,0.1907773952455968
 eat,man,-0.0010398069263329768
 eat,student,0.06740972660508329
 ejaculate,pipe,0.3129930181706406
 ejaculate,bottle,0.2119026186577304
 enter,man,0.12109483315642589
 enter,mouse,0.5411146559083793
 enter,girl,0.06495172559956826
 erase,eraser,0.36594672282662905
 erase,leaf,0.18297336141331452
 erase,shovel,0.12212360700246969
 erect,man,0.14499588147657677
 erect,rabbit,0.3681635669516988
 erect,chef,0.06129262185506789
 erect,clown,0.07885485550808317
 erect,dentist,0.10581557328747185
 erect,fork,0.20579432645652607
 erect,girl,0.03508317446457537
 etch,chisel,0.2936691874700969
 etch,knife,0.1257600060067964
 etch,pillow,0.18934041162110055
 etch,finger,0.05835010090353222
 etch,rock,0.08534598204872636
 etch,scissors,0.05437636880696676
 etch,spoon,0.1078119610940545
 exhale,woman,0.3016658210760274
 exhale,dog,0.13843776046315653
 exhale,man,0.050729051196636184
 exhale,cat,0.06741922364022339
 exhale,chef,0.06081140901906153
 exhale,child,0.040746926674734736
 exhale,girl,0.029704645215586446
 exhale,nose,0.1637127863873072
 exhale,rabbit,0.07935315268704328
 fasten,hand,0.18680252288875723
 fasten,arm,0.22898278628915208
 fasten,rope,0.20282775429204775
 fasten,nail,0.10141387714602387
 feed,air,0.299599208251825
 feed,leather,0.2527423461407733
 feed,man,0.018232689909431988
 feed,turtle,0.19989624103626907
 feed,woman,0.07181884957768138
 fill,elephant,0.05517295198406
 fill,lion,0.09578480897254951
 fill,monkey,0.06715126800383521
 fill,mud,0.14791956697276518
 fill,rice,0.15926677254174132
 fill,water,0.07892489460898508
 film,rabbit,0.37756682238117284
 film,chef,0.11820685997523078
 film,dog,0.08362393778702797
 film,elephant,0.10023400591929472
 film,infant,0.12703232035353687
 film,lion,0.1682844110896977
 fish,shark,0.30320602127680496
 fish,bug,0.12840745451246183
 fish,chef,0.04919376052574738
 fish,hook,0.16517154115545069
 fish,man,0.0020273831658067375
 fish,woman,0.03930631248354454
 fish,worm,0.06663850009844245
 fix,child,0.49103946096357026
 fix,man,0.08187008610754958
 fix,scissors,0.23780149056825645
 fix,woman,0.18928896236062367
 flatten,spatula,0.2815263995300307
 flatten,boat,0.0762826240783236
 flatten,mallet,0.1457486803838341
 flatten,pancake,0.1457486803838341
 flatten,pillow,0.06729756123700839
 flip,man,0.14207673415867292
 flip,woman,0.27861367273054605
 flip,horse,0.20026076374452678
 flip,shovel,0.3135347688324741
 flip,cat,0.06551406053378013
 fold,dog,0.1343241687753268
 fold,hand,0.14413883600562502
 fold,woman,0.15733299169009732
 fold,chef,0.05858119627129711
 fold,child,0.038102853407255804
 fold,infant,0.06532530713705481
 fold,stick,0.08764042725170468
 fold,worm,0.08490971856003762
 fracture,knife,0.27011409583746854
 fracture,rock,0.24944411661031138
 fracture,sword,0.25689562132652577
 fracture,bone,0.15712387727573612
 fracture,scissors,0.06642228894995827
 freeze,ice,0.4850776299619614
 freeze,freezer,0.22320126461917464
 freeze,smoke,0.09611217465492317
 freeze,sun,0.08784542043459244
 fry,oil,0.48263116069848006
 fry,child,0.09423278592606169
 fry,gorilla,0.17079285008725076
 fry,man,0.03184880972766108
 fry,woman,0.10106776444623078
 fuse,heat,0.15788977376808822
 fuse,lake,0.0556329099191363
 fuse,marker,0.07894488688404411
 fuse,river,0.07894488688404411
 fuse,water,0.026218300824576938
 grab,gorilla,0.284497779925647
 grab,hand,0.16529254116026348
 grab,girl,0.04003297057748753
 grab,monkey,0.07145074811367054
 grab,squid,0.23482932607386234
 grasp,monkey,0.24508102714291646
 grasp,woman,0.21006579666674072
 grasp,child,0.062060243501573624
 grasp,gorilla,0.1279864241356027
 grasp,hand,0.06095700296776966
 grasp,horse,0.09914727070900371
 grip,hand,0.26425126711420466
 grip,child,0.1405111864344385
 grip,dolphin,0.12114932085878707
 grip,infant,0.06311449094136343
 grope,hand,0.2048646694883189
 grope,octopus,0.3221638782266592
 grope,person,0.2952238050617107
 grope,dog,0.02856311083527942
 grope,girl,0.02506290829780072
 grope,man,-0.0008779557755339087
 halt,policeman,0.26946567192142484
 halt,wall,0.25556901067376064
 halt,air,0.054434258096917466
 halt,barrier,0.12778450533688032
 halt,chef,0.038058616578066196
 halt,sign,0.12778450533688032
 hang,pencil,0.6696121531157818
 hang,finger,0.15829437604683
 hang,stick,0.1720934708373882
 haul,elephant,0.29993916097961415
 haul,child,0.15303284063373251
 haul,infant,0.0698060174801777
 haul,man,0.0026373007341847056
 heat,fire,0.4838848713335455
 heat,dog,0.025281943905803215
 heat,ice,0.07031318113121453
 heat,oil,0.0731265808695948
 heat,skyscraper,0.10246238571282609
 heat,stove,0.08882201325177481
 heat,sun,0.07627169419437652
 heave,elephant,0.252922376546447
 heave,worm,0.1959485817817152
 heave,brother,0.13860058694055755
 heave,gorilla,0.08430745884881566
 heave,uncle,0.17732127877072185
 hit,smoke,0.4243395063918496
 hit,cake,0.3258841726719176
 hit,air,0.07507968464565459
 hit,desk,0.1629420863359588
 hit,man,0.011754549954619418
 hold,arm,0.29078993573529605
 hold,glove,0.3522126086735815
 hold,ant,0.055997421823739374
 hold,bowl,0.11605186308026506
 hold,hand,0.04566407841986388
 hook,stick,0.543943979009362
 hook,finger,0.20392603057836464
 hook,arm,0.13216547396278397
 hook,pin,0.11996451644948956
 hug,bear,0.2222632341974913
 hug,infant,0.1641268121012895
 hurl,ant,0.062355495634865636
 hurl,car,0.11378931215382991
 hurl,hand,0.04997615565474547
 hurl,man,0.010490249605299208
 hurl,rope,0.12274927875659
 hurt,brick,0.22527305927502903
 hurt,brother,0.2545358348962826
 hurt,sword,0.19160155086206201
 hurt,girl,0.021608719145043833
 hurt,knife,0.033222305003700686
 hurt,pillow,0.06131583146195076
 hurt,scissors,0.04556105939325883
 hurt,shirt,0.07932083483143779
 jail,child,0.17418767145050787
 jail,officer,0.440820392852048
 jail,man,0.01590026691480642
 jail,wolf,0.1331795850438364
 kick,donkey,0.47417135002530647
 kick,man,0.11136182104997883
 kick,cat,0.05135087830265236
 kick,kangaroo,0.15805711667510217
 kill,zebra,0.5871182387117163
 kill,air,0.0901765226394631
 kill,shark,0.15478573437121076
 kill,spatula,0.08804752585915744
 kiss,women,0.4723750019166072
 kiss,ape,0.2361875009583036
 kiss,ant,0.032354293882220116
 kiss,atom,0.09180829691832953
 kiss,cup,0.06300198229484286
 kiss,dolphin,0.06834092626622107
 knead,mud,0.2777212280432837
 knead,air,0.06881664945820966
 knead,cat,0.05248476208328692
 knead,girl,0.02754006097613434
 knead,man,0.0019828964116892613
 knead,spatula,0.06694586528256222
 knit,woman,0.22456788854230064
 knit,cat,0.15132331770642513
 knit,needle,0.2568145357607897
 knit,chef,0.0473557708446881
 knit,pin,0.09939536516033877
 knit,student,0.05866341145317265
 leak,balloon,0.3216354479180454
 leak,bottle,0.26425895722104786
 leak,bush,0.11042765877671279
 leak,man,0.008179645164673646
 leak,scooter,0.13911590412521155
 leak,tree,0.11741408429140038
 lengthen,hand,0.12276245351637388
 lengthen,man,0.03816137007700571
 lengthen,oil,0.2685505188375404
 lengthen,ant,0.044826857185278145
 lengthen,chef,0.049893363811457696
 lengthen,clown,0.06801210901064789
 lengthen,dentist,0.09582715722623464
 lengthen,girl,0.022853392218870377
 lengthen,woman,0.037183796732606335
 lick,cat,0.07878539548229452
 lick,dolphin,0.13013704361663606
 lick,gorilla,0.10719799308978584
 lick,tongue,0.21537483643910996
 lick,tree,0.15854964122412735
 lift,ant,0.17545346620910146
 lift,crane,0.37851539569165443
 lift,chef,0.06751574240758972
 lift,helicopter,0.18925769784582722
 lift,wrestler,0.18925769784582722
 mask,cloth,0.27468432713956176
 mask,pillow,0.24412709386003423
 mask,wind,0.1627513959066895
 mask,ant,0.03178453855099929
 mask,clay,0.12180660783576802
 mask,water,0.04303942887117927
 mince,dagger,0.41281830498407934
 mince,scissors,0.048493434754252676
 mince,shirt,0.08073099704305252
 move,truck,0.6205461836373676
 move,butterfly,0.11677885278403094
 move,dog,0.04006346653340898
 move,worm,0.07653342009580483
 open,cow,0.4041615562848907
 open,child,0.04658860645080604
 open,dolphin,0.118557117058833
 open,infant,0.06823815040292036
 open,man,0.006261698463079528
 open,monkey,0.06414990695229998
 open,policeman,0.09905602051632716
 pack,ant,0.29492419846098045
 pack,chef,0.1115698325547794
 pack,child,0.08627617823721079
 pack,student,0.13217091240583975
 peel,air,0.29627555983090215
 peel,chef,0.08020970505337366
 peel,girl,0.0479994381896003
 peel,hand,0.058376897194721535
 peel,knife,0.06877570199117376
 peel,monkey,0.08183652649460191
 peel,shovel,0.1659852139344592
 peel,spatula,0.1096916925719994
 pet,man,0.17758996485286974
 pet,bear,0.20654384294209763
 pet,cat,0.14775779568204914
 pet,ant,0.04111523386384463
 pet,baby,0.165428609078253
 pet,computer,0.165428609078253
 pet,infant,0.04983340875177718
 pet,monkey,0.04630253575085576
 pierce,hand,0.10858056731676445
 pierce,arrow,0.15425923800754757
 pierce,bullet,0.15425923800754757
 pierce,cream,0.11093302347787429
 pierce,knife,0.03896973883225491
 pierce,rice,0.11992402534368143
 pierce,water,0.056264830134350234
 pluck,boy,0.6171691094677361
 pluck,monkey,0.22672803215261775
 pluck,cat,0.08669114624916785
 pluck,girl,0.052315625109565
 pluck,man,0.017096087020913364
 poison,air,0.2782459222718661
 poison,food,0.46159557530242923
 poison,dolphin,0.1417199610709708
 poison,water,0.09648143183566955
 poke,needle,0.24923033712716003
 poke,spatula,0.17787368775665954
 poke,stick,0.17787368775665954
 poke,cloud,0.16029349324883027
 poke,knife,0.04049414251683973
 poke,man,0.0019675080072976006
 poke,scissors,0.05448416693923052
 poke,sidewalk,0.1377829766473229
 pour,pipe,0.28023576586767196
 pour,pin,0.0706176973207831
 pour,pitcher,0.1165781066907549
 puff,dog,0.0639179901121365
 puff,monkey,0.08927882374536013
 puff,pipe,0.1511754051282725
 puff,rock,0.14097875885546446
 pull,dog,0.0543598313840164
 pull,infant,0.08547392951673254
 pull,man,0.012376600591848
 punch,boy,0.5291382978331634
 punch,atom,0.1611458844348047
 punch,fist,0.12931243559363204
 punch,man,0.01925749770359515
 punch,skyscraper,0.1611458844348047
 push,car,0.3678828660255163
 push,man,0.049535361866930604
 push,toe,0.2788268136993751
 push,dog,0.0311118535788825
 push,elephant,0.03937007267429045
 push,train,0.13941340684968756
 push,wolf,0.0938596253053175
 ride,elephant,0.21305640314419036
 ride,baboon,0.1954493851839429
 ride,dog,0.05588218651601436
 ride,horse,0.09936768508522482
 ride,infant,0.091101475449644
 ride,man,0.008359692714984547
 rip,claw,0.27027026531155635
 rip,scissors,0.05640369969165366
 rip,spatula,0.06876659451396774
 rip,spoon,0.11183154760304985
 rip,stick,0.06876659451396774
 roll,man,0.17970521399867762
 roll,child,0.11590278713565087
 roll,elephant,0.12709315724324935
 roll,girl,0.09720262324721317
 roll,hand,0.11417482301711365
 roll,lion,0.21337865252468652
 roll,monkey,0.15254274283340877
 rotate,hand,0.35096235811777077
 rotate,child,0.19373855134581983
 rotate,elephant,0.2076995094768692
 rotate,monkey,0.239450076746804
 rotate,man,0.008149504312736226
 rub,finger,0.21979261033452763
 rub,cloth,0.16945528889936218
 rub,table,0.18858631909708837
 rub,chef,0.03494437047268503
 rub,oil,0.06896404144481903
 rub,pillow,0.05526442418810732
 scrape,spatula,0.30856511190010927
 scrape,hand,0.03617405307435609
 scrape,pillow,0.07376103821299662
 scrape,screwdriver,0.15974685836570618
 scrape,shovel,0.10285503730003645
 scratch,nail,0.2903251449909622
 scratch,beak,0.12196747707334916
 scratch,butterfly,0.10839921605075306
 scratch,finger,0.06343321669894492
 scratch,knife,0.04491503792697596
 scratch,rain,0.13159431147288495
 scratch,stick,0.07163585960602503
 seize,claw,0.5512569378452409
 seize,man,0.1444115960361311
 seize,dog,0.03931703999781646
 seize,hand,0.04335189718098271
 seize,monkey,0.06236404086528338
 seize,worm,0.0826931986516956
 sever,knife,0.17785023340385164
 sever,stick,0.24418997440085757
 sever,atom,0.16773115015263518
 sever,finger,0.08311942998010503
 sever,pen,0.15578088701407666
 sever,scissors,0.07802655089342765
 sever,spatula,0.09330177415504633
 sew,ant,0.17765866865492996
 sew,child,0.046233259856325516
 sew,clown,0.08213478089980518
 sew,dentist,0.11021691526481685
 sew,girl,0.036542440276517395
 sew,infant,0.06964114151808774
 sew,man,0.0026310716509112936
 sew,needle,0.13654056512459162
 sew,rope,0.1240469257428742
 shake,dog,0.14242050651207003
 shake,ant,0.05871841815195693
 shake,boat,0.11020099821217784
 shake,child,0.04622658304787885
 shake,clown,0.08212291934817371
 sharpen,knife,0.2450878413025051
 sharpen,scissors,0.05934327028876698
 sharpen,spatula,0.07165125418924875
 shove,stick,0.33245584772847636
 shove,ant,0.13775670698411763
 shove,man,0.03913532622237526
 shove,child,0.031434537614231754
 shove,girl,0.02291588258423763
 shove,hand,0.030647382468541946
 shove,infant,0.0520110912501035
 shove,monkey,0.04812546849406497
 slam,stick,0.364910308271208
 slam,baboon,0.13686196659410912
 slam,chef,0.05877902716669396
 slam,child,0.043553829996320854
 slam,clown,0.0745955744561145
 slam,rock,0.10245528947394637
 slam,water,0.07117958814206611
 slash,sword,0.2669852686241556
 slash,branch,0.18703258728641098
 slash,nail,0.1376853029897223
 slash,pin,0.11776491655616855
 slice,knife,0.3595745446706735
 slice,sword,0.3842552731975959
 slice,cleaver,0.16293438460681334
 slice,paper,0.09323579752491719
 slide,elephant,0.18104184657385328
 slide,girl,0.148537012929822
 slide,lion,0.27487408357530313
 slide,ant,0.06596075738690697
 slide,butterfly,0.14760490490428904
 slide,dog,0.04748514519226546
 smash,ant,0.13283971585371837
 smash,bear,0.20735947391938495
 smash,lion,0.1922234667680285
 smash,shirt,0.23486249939247594
 snatch,child,0.18938256462860908
 snatch,crow,0.23963721382724876
 snatch,fox,0.23963721382724876
 snatch,infant,0.08766071736051038
 snatch,worm,0.10534608051073845
 spill,child,0.24715382014651746
 spill,bowl,0.28689428101003156
 spill,bottle,0.12481348098257854
 spill,box,0.18352180861443104
 spill,infant,0.0619712022764481
 spill,policeman,0.08995877889232165
 spin,hand,0.3142616376203579
 spin,elephant,0.1838931920431949
 spin,ant,0.06447869110293009
 spin,chef,0.07048105516288909
 spin,infant,0.07728597428811858
 spin,worm,0.09704696850980027
 squash,car,0.33129138392226076
 squash,cat,0.08735083226190117
 squash,dog,0.057502063588110795
 squash,kid,0.20728850903795196
 squash,lion,0.11571687681118333
 squirt,faucet,0.3956173194205197
 squirt,mouth,0.20717490656
 squirt,tube,0.1610616587102592
 squirt,hose,0.10358745328
 squirt,house,0.06981010975291344
 squirt,table,0.06274855227630763
 steal,monkey,0.24969523854213518
 steal,baboon,0.19543994211351395
 steal,cat,0.09402858239603107
 steal,child,0.0659387098760675
 steal,clown,0.10902117090164211
 steal,infant,0.09402858239603107
 stomp,dog,0.2197409783485263
 stomp,worm,0.34444351580763727
 stomp,cat,0.10769962185074207
 stomp,child,0.07552569588965767
 stomp,elephant,0.08349648815628981
 stomp,man,0.015594874496541759
 stomp,policeman,0.15349882545060506
 stretch,hand,0.47049415663045985
 stretch,bird,0.1389000951309246
 stretch,finger,0.06181174428211196
 stretch,man,-0.004029501452975974
 stretch,monkey,0.05051490281096351
 stretch,worm,0.06904246930644922
 strike,bat,0.3362639889472389
 strike,cat,0.15987682136651074
 strike,man,0.05674752256997981
 strike,ball,0.16813199447361946
 strike,pebbles,0.11434684331650576
 strike,wind,0.09118283954070285
 stroke,finger,0.2584574884747593
 stroke,toe,0.4192369471439591
 stroke,ant,0.07678276434481318
 stroke,chef,0.08219583725960408
 stroke,man,0.017419807361072733
 stroke,rope,0.14590715541579183
 swallow,elephant,0.18457748914777122
 swallow,butterfly,0.1534204779109275
 swallow,child,0.051948875530617326
 swallow,girl,0.041060022317463606
 swallow,monkey,0.07328382755079842
 tackle,ant,0.2954645819683024
 tackle,child,0.1371933907443089
 tackle,horse,0.1969763879788682
 tackle,dog,0.03362588380922068
 tackle,wolf,0.115973599770901
 tap,fist,0.43519325116790425
 tap,beak,0.34624471458856054
 tap,finger,0.21856203424353515
 tear,man,0.19706805383739506
 tear,dentist,0.14381697522090642
 tear,elephant,0.06789461100519706
 tear,hand,0.05915919664427522
 tear,infant,0.09087151731654032
 tear,pillow,0.12624110842711656
 tear,scissors,0.09507106963078152
 throw,child,0.37272531426797695
 throw,elephant,0.21856502354489513
 throw,ant,0.07963194567520807
 throw,dog,0.05732703280148259
 throw,fish,0.20050277224314722
 throw,hand,0.06267207704919885
 throw,man,0.008575834418091312
 tick,finger,0.3933297704489653
 tick,elephant,0.11229920423340863
 tick,dog,0.025392728172407498
 tick,feather,0.11951915848742523
 tick,girl,0.021961609248716093
 tick,man,-0.003467259128437573
 tick,pin,0.09192647156266431
 toss,horse,0.2756112688050561
 toss,man,0.08712675224671904
 toss,ant,0.1236996490355778
 toss,cat,0.14230694563645852
 toss,girl,0.08587816796199847
 toss,elephant,0.03048289762592337
 toss,infant,0.04549319683453827
 toss,wolf,0.09187042293501871
 trim,knife,0.17804655152462498
 trim,chainsaw,0.2548315979717296
 trim,scissors,0.12002830193250957
 trim,book,0.1274157989858648
 trim,cotton,0.1274157989858648
 trim,cup,0.06690854977967343
 trim,finger,0.04502139346094061
 tug,horse,0.37728311201759207
 tug,ant,0.1801136007889192
 tug,child,0.15478104152754
 vent,room,0.29188671343831474
 vent,ship,0.2688455398800513
 vent,building,0.12624878353723737
 vent,house,0.10021397393124208
 vent,man,0.0074230926959784295
 vent,skyscraper,0.11472819675810561
 vent,table,0.0906536997590705
 vomit,elephant,0.15157678674064629
 vomit,student,0.20216619991643087
 vomit,bear,0.09929536011529168
 vomit,dog,0.036115767776916316
 warm,sun,0.24097387064395526
 warm,air,0.11050356135420651
 warm,ice,0.1334572106754166
 warm,snow,0.18553805915540747
 warm,chair,0.06278521835259357
 warm,fire,0.06278521835259357
 warm,oven,0.07777712396514865
 warm,stove,0.0667286053377083
 wear,child,0.29644373221636383
 wear,hand,0.2936775539530489
 wear,ant,0.12102430206162677
 wear,lion,0.1797485093455433
 wear,woman,0.10910590242341724
 wet,water,0.3348241325892096
 wet,oil,0.3008986347599512
 wet,milk,0.23595711541381298
 whisk,girl,0.25557203934328837
 whisk,woman,0.30151952117634023
 whisk,dentist,0.19697403391058538
 whisk,dog,0.08725207502882586
 whisk,infant,0.132543788774941
 whisk,man,0.026138541766019183
 wrestle,bear,0.30885343235814827
 wrestle,cat,0.22806799083307985
 wrestle,ant,0.06900924577370646
 wrestle,gorilla,0.11403399541653993
 wrestle,lion,0.1107449397929316
 yank,horse,0.28819299822508754
 yank,rope,0.3972621277502088
 yank,dog,0.06943484909419155
 yank,hand,0.07425800899079393
 yank,table,0.17085201593971824
