verb,object,association
stand,grass,0.030563091868490693
lie,beach,0.042617407784331256
hold,baby,0.06402602754483486
pass,street,0.0019577989355745178
sit,tree,0.06300145704793052
play,backhand,0.04471351601120415
walk,meadow,-0.0003386804118970997
sit,carpet,0.004086480798570396
catch,football,0.38115807984274974
sit,meadow,0.031213670154714504
run,road,0.07234328332656705
walk,street,0.07557790071266948
sail,estuary,0.14530483729188343
run,ball,-0.017494730622674638
trek,forest,1.0
sit,beach,0.006858123312233325
sit,grass,0.08566458487216012
run,water,0.04236481904808967
swim,water,0.3240709534491926
sit,cafe,0.0036163296003962997
walk,pier,0.05406516571279717
jog,road,0.08667768000983506
play,match,0.032185586637502664
lie,field,0.026283385758844015
stand,tree,-8.666117500292059e-05
hike,snow,0.1858751992519414
perform,festival,0.07626787778870316
walk,river,0.012863068482296014
lie,bed,0.09277259691907584
run,forest,0.025464212680128315
carry,child,0.17955909866961992
swim,lake,0.20528260043043847
sit,floor,0.0769063130803876
dance,festival,0.1952574738993162
walk,ball,-0.009063165265537725
run,sidewalk,0.011768119160391203
cross,road,0.25154940683144916
walk,city,0.021693848711351223
hold,picture,0.00956342073051352
throw,game,0.24857610982266695
run,park,0.03435175782299566
stand,wall,0.06975719789575849
cross,street,0.46832542103066405
run,field,0.08225589073068215
win,league,0.13489069335582587
stand,window,0.01846740873520438
walk,coast,0.022826365330667002
listen,person,0.24220001438868938
run,bridge,0.059096758603269295
celebrate,player,0.22211034443712518
sit,sofa,0.022407958006206496
vie,player,0.1892259921673826
sit,hammock,0.0053867860569460045
walk,snow,0.0396303118369036
stand,shore,0.0442619352239293
beat,shore,0.3780093957312216
toss,ball,0.47328615792826145
walk,beach,0.058789159150852484
play,team,0.02169110046277021
jog,coast,0.06070303932670255
sit,garden,0.018939927627688532
bring,ball,0.8123760031405124
jog,beach,0.36071061404327487
sit,staircase,0.020351231435449136
walk,water,0.019474571089223625
sit,stool,0.007817194959814066
walk,embankment,0.008931515512684314
float,water,0.3415521728304146
walk,tree,-0.005953923902001023
sit,wheelchair,0.021697977602377797
play,flute,0.025979773557944397
hold,girl,0.08359847721528602
take,shot,0.06626533873802783
perform,final,0.012268655458356665
run,sand,0.036813811736572284
carry,dog,0.06492514155680616
sit,table,0.07044554223086773
stretch,ball,0.20783657958025506
sit,wall,0.02358651555154102
sit,porch,0.023889265206409216
look,sideline,0.044177218369781
lie,grass,0.30634751913899605
hold,daughter,0.0994004968060169
stand,dune,0.013525048464608443
sit,chair,0.07895305118788086
run,street,0.06954920205504643
stand,doorway,0.03589495172250203
stand,room,0.027304471372045086
carry,daughter,0.1865397442290119
run,mountain,0.002994853183863789
play,stage,0.09350375372636194
stand,side,0.015337812210690851
stand,beach,0.0013629186944542834
walk,shore,0.02500996626063843
rest,head,0.20004225467010783
stand,table,0.05333621265717549
sit,balcony,0.0038376264621545536
sit,ball,-0.016977620317344226
win,match,0.11742382954752845
lay,grass,0.4029704171826121
sit,fence,0.003108642941164218
rise,sky,0.3393722313582801
sit,bench,0.020432403992851983
walk,sand,0.03688744749175083
stand,umbrella,0.0060458328243464515
stand,mound,0.004312578127223939
stand,desk,0.02180977980964005
moor,jetty,0.07001420659247258
run,beach,0.08097222400286894
walk,dune,0.026042402326582413
walk,pavement,0.010296204659694828
sit,field,-0.008679257344914652
walk,field,0.041553010513949204
stand,front,0.09792419189888017
walk,path,0.014753397092354282
tell,person,1.0
swim,sea,0.2886208140446443
lie,meadow,0.01786900819772592
cross,crosswalk,0.05260428473581307
sit,lake,0.002721202849137257
sit,lawn,0.027560922349671644
hitchhike,road,1.0
sit,terrace,0.006937238842853453
sit,couch,0.07233837337658863
hold,child,0.11542357431420408
lie,couch,0.112246384842164
walk,sea,0.012944487038732836
sit,shore,0.006339611082226309
pull,daughter,0.048857491195753826
sit,classroom,0.0036511082924825214
walk,road,0.05770826208227082
float,lake,0.021694264399919234
celebrate,footballer,0.04412925374997265
lie,floor,0.15679261310281112
hold,cat,0.02186474605168843
lie,sofa,0.12570955832910802
sit,pier,0.007019584898573283
celebrate,team,0.048225523967406134
walk,mountain,0.016323687547194918
walk,boardwalk,0.03253387594975733
hold,person,-0.001746164349687958
meet,fan,0.5532229682167069
run,sea,0.08374688940557923
run,city,0.024289429001765124
rest,grass,0.2821059179799065
sit,front,0.02963478537970915
run,track,0.029691688092328607
walk,hill,0.03213715865006207
play,football,0.03378410172626861
sit,park,0.008143470555918287
stretch,beach,0.04085757908048986
gather,ball,0.5486322108978595
hit,ball,0.31025650593907256
perform,show,0.06831966895781144
hold,photo,0.005123126235417903
pass,town,0.02323926104773895
lean,wall,0.22002944884797207
jump,water,0.2551430069886516
walk,player,-0.006698286526980811
sing,stage,0.39077519050181014
go,road,0.030694724758452856
jump,mountain,0.07135472671006028
follow,person,0.5671747371727399
play,trombone,0.019484830168458298
take,photo,0.19695838880810992
celebrate,game,0.11874561156698148
stand,ground,0.0021696325411516408
score,game,0.10375904871527614
cut,vegetable,0.37208943796277105
run,player,-0.00528712328296243
sit,dune,0.012112448281826055
salute,fan,0.912270246770389
perform,gig,0.010350939462254622
walk,park,0.036282313779333095
hold,dog,0.07467596694993889
serve,match,0.28311973627302583
sit,windowsill,0.023487481393045528
stand,lake,0.0861014186284175
score,goal,0.4483904017677191
stand,pier,0.03406842031035627
wade,water,0.9932965037697238
kick,ball,0.41023824154850724
meet,cricketer,0.17515776340781497
walk,forest,0.07809785931376632
grab,ball,0.13637577802100176
drop,ball,0.7134125292467777
perform,stage,0.3702045259157027
walk,lake,0.009022455496007527
jog,forest,0.32014453693047046
walk,team,-0.0029889408699855955
hit,goal,0.1033435133232035
lay,floor,0.3344020358751324
set,ball,0.14801168688896052
attend,show,0.056456915528897936
hang,beach,0.011469069337221744
moor,river,0.0628563840571262
see,game,0.3820787397298355
hold,player,-0.0012936240742119126
stand,chair,-0.0014790627512583456
stroll,beach,0.5728555504131486
play,basketball,0.017427406730137162
walk,footbridge,0.0038277923625789916
sit,room,0.03189607353401056
stand,fence,0.05122109850621193
shoot,match,0.07093234495520866
take,picture,0.17865837999222686
hug,street,0.09691236939965106
stand,garden,0.018235522396521774
sing,concert,0.16918245965744866
serve,ball,0.38522977939300784
stand,field,0.12626212316705715
go,ball,0.07199225218518382
throw,team,0.13529362292471475
play,ball,0.04327990176045289
float,sea,0.44290616414429285
run,pasture,0.005812688818880718
rest,hammock,0.04196252811092406
sail,river,0.1821346523882408
jump,sea,0.22525492696024701
prepare,game,0.38289726275148855
stroll,street,0.3612569985545426
rest,beach,0.17066479816721303
appear,show,0.1759832122220268
shoot,team,0.23991663882876432
walk,surf,0.006379653937631653
hang,tree,0.47239672083878476
stretch,game,0.17033469291874234
enjoy,beach,0.18790439671560846
run,meadow,0.037410286498097786
walk,wood,0.0035653588848219273
walk,trail,0.025147244852539524
run,championship,0.014506351744597804
moor,estuary,0.13004128466589526
lie,bench,0.02376460850454177
stand,floor,-0.006963973205505907
fight,ball,0.552266494775429
stand,ball,-0.016917300017714354
walk,ocean,0.03806710713421683
play,theater,0.019650399290919315
walk,footpath,0.034174557094690375
pass,crossing,0.04244599910248276
celebrate,tournament,0.051799033034272905
feed,dog,0.17694702847452348
hold,puppy,0.029776436898410367
walk,sidewalk,0.01945900891272681
lie,table,-0.0003425221774612752
dive,ball,0.12726290566087592
hike,forest,0.373287831207232
sail,bridge,0.10880385637727018
celebrate,fan,0.13271347981598697
run,play,0.012053917919404493
sit,ground,0.02112040384526502
propose,person,1.0
play,field,-0.003615650587982605
sit,mat,0.009036101954455911
celebrate,teammate,0.058288288118988764
stand,sideline,0.010641742940044246
take,kid,0.010360729074305674
pitch,innings,0.08175554765149835
take,jump,0.01230808751342822
flow,sky,0.05911740943154192
run,pier,-0.0027676807537572023
hit,player,0.00676949635806529
walk,desert,0.008219226363522139
return,forehand,0.10657977071467
pitch,team,0.25059866142691894
pound,shoreline,0.7396569339806316
arrive,premiere,0.5029661578558667
picture,child,0.10434814411082417
sit,head,0.0007780321948252352
walk,promenade,0.006379653937631653
direct,team,0.42881318871891927
run,shore,0.026286713558690975
thank,fan,1.0
applaud,fan,0.7050151725210855
play,forehand,0.053703616296527784
climb,mountain,0.10822281777452529
walk,seashore,0.04267244651740506
run,hill,0.059576002775615644
run,path,0.034995204611429326
slide,ball,0.20061135788869536
throw,inning,0.15724372202546116
swim,river,0.08313162590387847
run,snow,0.024118493262716596
hold,son,0.04293840725061962
walk,alley,0.02041489260042129
sit,desk,0.016724757527409668
sit,pile,0.007951228376387892
capture,picture,0.2522192030816776
throw,pitch,0.16584863779550235
sweep,street,0.5766670649981737
reach,ball,0.4202945009148021
lie,street,-0.0068307205880993776
play,game,0.01639581817821513
pass,ball,0.04816474216333585
run,trail,0.050944858467281244
pass,road,0.17095260692093275
hang,wall,0.21070179940140737
throw,half,0.07159458607019145
walk,session,-0.0019053998019791475
greet,player,0.28126525469730607
lay,beach,0.031167224238225672
sit,branch,0.019632864008385747
stand,player,-0.005135156908257087
moor,lake,0.06337279634822457
direct,player,0.47589038296431585
stand,kitchen,0.009908887941274327
run,match,0.000416438878206888
pose,man,0.06272880255309897
stand,pile,0.004882854046821368
sit,bed,0.032553052894672876
play,concert,0.035113373775896954
sit,pond,0.00010176484265101512
teach,person,0.5396380473044505
stand,seashore,0.034614857715890554
hike,trail,0.14148702702142965
catch,player,0.03099694377766138
go,layup,0.08253716754566122
vie,defender,0.2533822868717165
crash,seawall,0.12088201018552203
compete,ball,0.2654024426936493
stand,meadow,0.024943067882157152
play,show,0.005861384332736506
run,football,0.020232742697200615
kick,goal,0.11775818869676319
kick,match,0.05947580566879267
walk,crosswalk,0.006700192612461154
play,music,0.13763835241993852
feed,person,0.06947927430205322
sit,roof,0.006615688890066522
sit,stair,0.003514063511455069
take,ball,0.03565805343356311
sit,sand,0.0055624753160630775
stand,classroom,0.028085612021093047
pass,city,0.05366989092144036
pitch,game,0.3748056625000642
go,header,0.04302119416978448
stand,door,0.004325660192279609
punt,ball,1.0
score,penalty,0.08580445804334212
rest,chair,0.05369509158087016
lie,chair,0.008001497082981965
pass,player,0.008999146003839035
play,person,0.00148804336575013
go,street,0.15401753759511555
perform,concert,0.05288143451808435
celebrate,cricketer,0.049321397126651935
jog,trail,0.0806389938889912
perform,event,0.04801766049572716
swim,beach,-0.008550270632251302
walk,fog,0.005965578629899732
save,ball,0.3949288693347164
balance,ball,1.0
move,mountain,0.06144860662735715
talk,player,0.03155757968298264
strike,ball,1.0
run,defender,0.003932965181223648
shoot,throw,0.24232371888130927
keep,ball,0.5652507746891619
hold,kitten,0.008621660411808743
run,session,0.017073352015199602
take,child,0.03423073423979082
hit,shot,0.0879685284551359
throw,player,0.025899930226689256
get,win,0.184786481920761
take,hit,0.010872951344285696
kick,football,0.2034818705849558
lean,tree,0.22852664268504155
celebrate,crowd,0.06874342384702249
lean,table,0.023181448102103253
cross,intersection,0.007390505419240037
walk,fan,-0.00222131405457264
hug,person,0.07361545191524432
wander,street,1.0
take,boy,0.010776620999475371
knock,ball,0.02983155887582371
get,goal,0.1725815651155974
look,ball,-0.007881552906515411
play,cello,0.032474716947430496
greet,crowd,0.10648172820316493
perch,tree,0.6999967097954236
collide,player,0.8152926405736652
walk,fountain,0.007125029973760203
hit,run,0.05673445831523087
run,athlete,0.0013483540993615801
pull,person,0.06997629542343829
meet,team,0.046079054619203676
lie,tree,-0.0065391230126076805
sit,seat,0.015670761601717296
hit,puck,0.026129938493989178
sing,microphone,0.12042787697254782
moor,beach,0.007671021203876553
walk,canal,0.0031369645740357078
come,beach,-0.0024237824607112215
capture,shot,0.37428352862945696
play,child,0.00867977058665792
walk,town,0.004948189765560042
take,person,0.004716494810953707
march,street,0.5884986955406938
play,shot,0.016505759130763208
steal,show,0.22985110689527757
run,base,0.00747850769152029
float,ocean,0.015616922418302833
stand,park,0.014209146968979023
capture,person,0.10102519853166718
argue,player,0.4247017887300078
rest,lawn,0.044275778493276914
run,yard,0.0018997803282998216
sit,umbrella,0.010023762559094006
take,field,-0.004775612290204283
rise,horizon,0.07499749945105895
play,one,0.003751328208312746
rise,skyline,0.06257914199142318
walk,lakefront,0.0012759307875263306
hit,half,0.014035938456629832
greet,fan,0.3613522014600837
shoot,ball,0.058792366485904225
lie,hammock,0.029244073665673467
carry,person,0.03976429250901086
pass,highway,0.04170489024712579
stand,touchline,0.007096844595622333
get,kick,0.07242753765626551
moor,sea,0.03192680133075639
perform,conference,0.00456676647468132
prepare,session,0.10683914901783902
sail,sea,0.037944983163378423
walk,mound,0.0015577516067084084
return,shot,0.48851602793389526
lean,chair,0.05907738188456472
tap,ball,1.0
stretch,session,0.12514107190122276
pass,bridge,0.2315743009811943
travel,water,0.008384264933315125
hit,match,0.04369138785054739
compete,player,0.1907659618245013
stand,entrance,0.012395425137246048
sit,ledge,0.018885276802069563
pass,match,0.054528266083274705
vie,athlete,0.12115263919257216
stand,pitch,-0.0010989790174195933
bounce,ball,1.0
stand,sand,-0.0010004334340167368
walk,woodland,0.007655584725157983
chip,ball,1.0
sit,flower,0.006032963259103685
look,person,0.052723188411058095
fly,field,0.11130112151674505
pitch,ball,0.1275486513069647
pass,team,0.03408443968228969
spin,ball,0.31410674884557166
cut,rice,0.04348588594769933
catch,game,0.10507681486078306
run,ocean,0.002110246812903768
walk,area,0.006597586354080055
hit,shoreline,0.050430629613538544
walk,airport,0.0016493965885200138
perform,fest,0.0092014915937675
kneel,game,0.41884447909865113
sit,deck,0.002716644755491553
crash,island,0.04835280407420882
stand,station,0.003950946174657233
get,shot,0.04466188360709308
run,lawn,0.007619539710423455
run,team,-0.0001549837393107798
hit,backhand,0.10551615514135451
play,girl,0.006622552075861565
celebrate,supporter,0.030123057059234647
hold,portrait,0.001446658187464843
perform,crowd,0.03300331784915991
take,photograph,0.04983589198187869
crash,reef,0.10879380916696983
play,festival,0.011583220417900122
slide,hill,0.1280435317364039
hit,pier,0.03362422131433937
hit,drive,0.026033056744115476
play,soccer,0.04762958485623141
compete,star,0.09460846306604352
crash,shoreline,0.04079306706039054
sit,back,0.0035812688716643413
dance,concert,0.08269084415288973
moor,pontoon,0.0559501142534934
sit,bank,0.0024108864002642
pitch,inning,0.16529147711455386
stand,podium,0.010141711475928584
save,shot,0.20999642433094892
pose,one,0.06665567793444707
lie,front,0.0017638861340575547
walk,neighborhood,0.0019138961812894958
go,bridge,0.0408861987329445
send,person,0.7513791517578217
crawl,beach,0.22466426471302772
jump,beach,0.16442471481750828
return,ball,0.14513038785270785
dance,event,0.11189658139247395
play,guitar,0.019484830168458298
play,crowd,0.008562834486021765
see,photo,0.24191674648985903
paint,picture,0.3283835176167866
play,saxophone,0.023814792428115704
go,city,0.008506968434651156
rise,cloud,0.321445122472851
take,dog,0.006654682921533337
miss,ball,1.0
catch,ball,0.20145697992163272
appear,stage,0.09500796224170177
take,daughter,0.07954706757027825
sit,jetty,0.0021196094745086396
sit,bar,0.00561150462327535
sail,lake,0.08037366148045941
score,point,0.15158696383847764
fight,person,0.2656488327711656
cross,bridge,0.11599068542413563
perform,ceremony,0.013481129543086173
hug,player,0.02870076732205703
go,shot,0.05042093485782553
crash,shore,0.03355525587357968
lie,lawn,0.01021433231951851
stand,jetty,0.005405262874963639
slide,inning,0.24933781531495874
sit,kitchen,0.009775604620915692
lose,ball,1.0
play,player,0.001229034643258299
line,road,0.2000316552977301
stand,team,-0.0038516501058042238
stand,balcony,0.00438143269082503
perform,band,0.018402983187535
steal,ball,0.7214997495154963
swim,pond,0.027081156893908425
dance,music,0.07119850758193957
break,cloud,0.20895114131579506
walk,game,-0.003521269311905782
score,team,0.08371915185006454
hold,ball,0.011496592617923214
hang,room,0.04733791494794396
sign,person,0.346172007460621
rush,beach,0.16018651528586156
stand,match,-0.003902771833495915
play,violin,0.025979773557944397
walk,shoreline,0.0028149211419090186
look,show,0.0025930092073315945
get,match,0.03782758681888147
go,pavement,0.06149632786183772
charge,match,0.2599539558623466
fill,street,0.17364829014306185
sit,ocean,-0.0018805807137335583
carry,player,0.0030973071595832157
return,punt,0.036761341056191436
take,kick,0.014515625236626795
sit,street,-0.01338283150321639
go,hoop,0.10213993237284276
take,pitch,0.005051090073734504
play,piano,0.025394663721523
sit,side,0.001149965382917506
compete,shot,0.1701535840017889
walk,center,0.0038277923625789916
pour,water,0.32105432785467336
appear,event,0.11659634205329616
sing,crowd,0.1075810569263927
look,game,0.01616790248109066
stand,waterfront,0.007268102242359918
run,yardage,0.0018997803282998216
rest,field,0.00482655357640936
jump,ball,-0.0006156543411484855
break,shoreline,0.06814141597878093
climb,hill,0.034220960182404746
roll,field,0.1415518553875985
perform,theater,0.055796151080577644
rest,tree,0.06840122981693918
edge,ball,0.7335442821891411
take,win,0.018139397123875328
slide,game,0.26276099328483826
take,game,0.021340320463083044
look,display,0.0581077436335625
stand,cart,0.0023232897881036428
feed,child,0.29903219911725476
sweep,snow,0.4233329350018263
moor,harbor,0.02370127533826944
vie,ball,0.23999464203894755
moor,shore,0.06437726093572221
go,footpath,0.06690376894737142
walk,house,0.005886573466510685
take,portrait,0.02650041516681238
win,game,0.15290602188210836
pass,river,0.013097242558384981
kick,game,0.15371375037085763
crash,pier,0.08693603538541506
walk,match,-0.0038497794624421334
navigate,river,0.6675446266048329
sit,boardwalk,0.0024308309821695164
pass,game,0.018439280175335297
pose,person,0.06095274492939138
lie,mat,0.0038021157626532873
return,backhand,0.16551224423934385
save,kick,0.14344530425018612
cruise,river,0.5066623068593903
walk,grass,-0.017754419335028904
break,ball,0.04217808437588395
compete,tournament,0.11696847057853099
sit,window,0.004097689567301318
run,coast,0.0035090062827279316
celebrate,play,0.012782427527950242
sit,row,0.0062406959482990436
shoot,layup,0.14847483320850227
cut,tomato,0.12548281767988806
win,player,0.0487196500396598
shoot,puck,0.06872119120793972
walk,waterfront,0.0017256389391713013
compete,hoop,0.12468978881623276
walk,mall,0.0019138961812894958
moor,coast,0.011893976137750575
pull,player,0.025232229470700245
smash,ball,1.0
perform,dance,0.03344059054081155
leave,road,0.01562371143975054
cross,river,0.0288795458093902
break,coast,0.027451412603376076
perform,microphone,0.0070899790143681965
win,ball,0.02520906038439338
stand,lawn,0.005619106235124799
play,sport,0.0173198490386296
celebrate,coach,0.03686777356821027
run,wetland,0.0028496704924497324
sit,house,0.0010007961406789385
push,ball,0.10357183375821115
tie,shore,0.4050587127221805
cheer,game,0.5205705095708152
jump,boat,0.017643508737737373
play,ukulele,0.019484830168458298
sing,person,0.007240540359925622
speed,water,0.6032809791604209
shoot,athlete,0.07948907645724726
stretch,coast,0.11435615440205504
hang,front,0.04104376434464913
perform,venue,0.015335819322945832
walk,bike,0.0027946091567258437
lay,couch,0.09884432075374373
pass,football,0.0780127435178817
save,goal,0.19058064928323176
look,event,0.06825610941688552
attend,person,0.009890000568657483
perform,tour,0.012268655458356665
flop,beach,1.0
score,touchdown,0.10316726142428928
roll,beach,0.13352033324179846
crash,breakwater,0.09670560814841764
walk,staircase,0.0022950164947481084
stand,track,0.0048905792767948405
take,stage,0.000967297882045439
take,team,0.022994464546894872
rise,fog,0.051538506530320397
save,penalty,0.06104875280091679
sit,office,0.003824111097456624
hold,boy,0.005926920004171746
look,girl,0.05501530617480379
perform,rehearsal,0.011775035838566483
play,gig,0.006970962692054865
win,tournament,0.15116441492234722
moor,dock,0.07807097534254587
sing,rehearsal,0.0683496454494271
play,tournament,0.0014665328580481124
support,person,0.3648132564612231
play,song,0.010456444038082296
appear,person,0.044159494110096224
bowl,match,1.0
carry,water,0.023277139677223727
crash,cliff,0.0827663615942469
hit,six,0.026033056744115476
serve,player,0.10482141423846618
bump,ball,1.0
sail,canal,0.13750010233294696
float,river,0.02639001683369646
sing,song,0.018393649043675173
jog,session,0.04544462634414616
break,jetty,0.14190023426882306
moor,quay,0.07460015233799121
battle,ball,1.0
run,grass,-0.016511726350631476
walk,bridge,-0.0028096757087506525
ready,pitch,1.0
stand,deck,0.006097302635344959
deliver,ball,0.4042082705723897
go,premiere,0.0013344543461474932
win,championship,0.16532472655241084
travel,city,0.4714849921168997
hold,newborn,0.0043108302059043715
walk,jetty,0.0007995698440897431
collide,match,0.18470735942633476
walk,cliff,-0.0002506111943472012
boot,ball,1.0
arrive,finale,0.025354642366057705
dance,person,0.037027471476236425
get,hit,0.0312682017468381
return,volley,0.018380670528095718
advance,ball,1.0
look,someone,0.014799586197248698
celebrate,athlete,0.014969606297031389
break,run,0.03966086159263472
rise,mist,0.0946779150859196
hold,toddler,0.007184717009840618
crash,seafront,0.02417640203710441
push,person,0.03940627434080619
picture,kid,0.1318119297690601
run,lap,0.006919417011516042
rest,couch,0.026606275378430667
meet,soldier,0.11600310192659255
crash,jetty,0.03525476062597278
break,coastline,0.08303284949476204
arrive,festival,0.035211681580921965
walk,avenue,0.005103723150105322
hike,mountain,0.11828198438521009
compete,game,0.02324237290360391
move,valley,0.07674449323032712
throw,ball,0.15506877011202946
lie,ground,0.03170128407396876
swim,waters,0.02498343606788604
bring,photo,0.06696214191522204
head,ball,0.5344898095873077
visit,person,0.5317125037682706
sail,waters,0.10200105376994759
sit,shop,0.0037092236561810706
pose,politician,0.034035323446952565
shoot,goal,0.040751913892021936
walk,sideline,0.0017605876750020827
perform,music,0.006853681447458011
walk,pitch,0.00020462220442911714
run,grassland,0.003799560656599643
play,season,0.02224565328829242
take,view,0.006135107310483982
reach,shore,0.104366234307182
march,city,0.41150130445930616
serve,person,0.08230986906110518
lie,bathtub,0.009977950251715726
follow,run,0.35481688281130963
picture,team,0.1944630414921383
crash,lighthouse,0.14505841222262644
spin,festival,0.2370515034681858
hold,one,0.011415963920040698
look,premiere,0.011539653106957813
sail,water,0.041336284814618485
run,defense,0.0018997803282998216
use,ball,-0.0008707362607178303
carry,ball,0.00138110883708116
sing,show,0.05214107658680584
sit,armchair,0.0036163296003962997
perform,weekend,0.0061343277291783325
open,room,0.0408409179477092
hike,hill,0.020740920069374863
pass,viaduct,0.07428049842934481
walk,hallway,0.0038277923625789916
hit,cliff,0.013014375975530505
pass,intersection,0.039094071050449375
hang,branch,0.11795410633225108
meet,child,0.08403028053579416
take,player,0.0031832465097154853
rise,dusk,0.010713928493008422
look,pitch,0.005959724117996652
depart,premiere,0.3384609490846827
cross,city,0.01517930106630872
hit,game,0.0028828520100019246
hit,forehand,0.032073337101945244
sit,cart,-0.00014232325272945536
break,beach,-0.006797472094845302
leave,game,0.03142073932248739
get,ball,0.020847387559054752
fumble,ball,1.0
gallop,meadow,0.27010052080608815
arrive,debut,0.018652875965837402
go,run,0.0164578226737393
catch,pass,0.14977847640885675
stand,shop,0.006523977052404121
get,run,0.07725871378344125
walk,track,0.0030408153507166216
run,game,-0.006405344836833915
crush,beach,1.0
take,throw,0.007274238972833555
perform,musical,0.0092014915937675
walk,rain,0.00745948077679347
deliver,team,0.07122635719664513
wind,pitch,1.0
walk,walkway,0.006379653937631653
stand,office,0.008150822862119276
celebrate,league,0.022062720454755894
pull,catch,0.06752476885732632
sing,music,0.029444012276975417
perform,arena,0.0061343277291783325
go,game,0.010056683678769352
beach,shore,0.7929567669528285
shoot,player,0.047553848384636006
break,pier,0.013952221488477008
get,picture,0.0038309171559870884
sit,bottom,0.0016072576001761334
arrive,screening,0.006257693357800477
moor,pier,0.0100308957703742
crash,beach,0.004530099303366623
cut,cucumber,0.08697177189539866
lay,ball,-0.006112909286582907
swim,ocean,0.021742822137798008
line,game,0.12952998520572698
haul,pass,0.5893103468516336
get,point,0.07428256803437797
picture,person,0.0417116462825986
rise,sunset,0.02517266193197582
moor,marina,0.10896163095988964
run,reception,0.00027009825968502666
move,sky,0.10353144463100494
score,win,0.02357271436083116
crash,coast,0.002157110971940093
push,player,0.010178484386315776
perform,song,0.006324917599614432
congratulate,player,0.5181643076944978
go,player,0.016131096463698362
roll,shore,0.16491945226088442
come,ball,0.3982610142910297
draw,event,0.31901242876609637
arrive,concert,0.010013919089325123
look,touchline,0.006450821380161722
cook,vegetable,0.12983299353652633
kneel,floor,0.16393464091649693
view,picture,1.0
head,goal,0.21253187355374714
break,shore,0.011415975920118091
trot,meadow,0.7065130673476407
walk,beachfront,0.0012759307875263306
crash,coastline,0.11532803465258468
cross,ball,-0.005810417307485707
walk,sandbar,0.004465757756342157
moor,waters,0.05293490649808039
pound,shore,0.2603430660193684
float,waters,0.011649955932876498
vie,footballer,0.19624443972938116
perform,gala,0.015526409193381932
paint,portrait,0.03726650121464872
enjoy,game,0.014117145422685076
look,man,0.00022892808662140473
arrive,show,0.032480804429792585
float,pond,0.05199015904867287
stand,branch,-0.0013186059405601595
drift,mountain,0.6049087448277644
hit,beach,-0.004677018882150052
roll,sand,0.014901204598974009
walk,isle,0.0006379653937631653
go,highway,0.022027236587081445
raise,trophy,0.026820206980363928
drive,road,0.09102786129492593
sit,rock,0.008119157367594249
crawl,grass,0.6687328320708398
turn,it,0.18876710239594494
play,sea,-0.003574244614101493
lead,horse,0.8164189338430594
sleep,couch,0.12665502575258977
run,sunset,0.008968698884514783
hold,sample,0.007627111905501204
toss,bat,0.24862249801003727
stand,one,-0.00044191345355920224
play,car,0.0074130740451942385
celebrate,mate,0.020572336983172505
sit,motorcycle,0.0006096010182220229
sit,child,-0.0008268828069361757
collect,water,0.7112486308756951
move,lake,0.057157878620559203
prepare,food,0.1336398079861818
hold,glass,0.02117561642864566
skate,game,0.18139125615633309
fly,front,0.008558095482296397
turn,car,0.0342898922470773
reach,hand,0.4263607595166466
kiss,woman,0.09220240276313697
choose,clothes,0.5133630908564082
look,sky,0.013396417298961821
close,eye,0.4471145621847383
kneel,cross,0.26646799001787563
look,computer,0.06017581408056298
take,helmet,0.017267881790509455
pose,team,0.00983264006108174
hold,hand,0.01411559248616756
stretch,arm,0.1072873272462088
prepare,gift,0.11089486812216826
drive,car,0.3895976545072533
pick,flower,0.5236982035176535
sunbathe,beach,1.0
lift,trophy,0.7261299069131418
crowd,beach,0.4128416686936051
attend,game,0.006982695188064514
walk,window,-0.002728339994395473
stare,window,0.24756840692017384
sway,breeze,0.16797008356265206
pull,cart,0.1832396978118082
flow,dam,0.32732078056621317
put,hand,0.346188359769551
talk,smartphone,0.21378932318198973
stand,pool,0.007813497698215717
hug,beach,-0.00515383033598155
rest,shade,0.023089982850564586
pose,launch,0.011114110499777171
pose,festival,0.017656951534814433
jog,snow,0.005532121428912571
wear,clothing,0.03753752226479504
wash,face,0.17263334460493804
hold,trophy,0.02279735819050739
win,medal,0.030855033457759595
exercise,session,0.2851744681910023
play,dog,0.013130006789797503
moor,canal,0.07526442650304711
welcome,person,0.5803637850914278
get,wedding,0.05099146659618788
sit,car,-0.0023449333295339813
line,street,0.04888612643174734
kiss,bride,0.178654461981072
wear,glass,0.33820280873984676
celebrate,match,0.013267423927449005
climb,cliff,0.11506712572666918
stand,road,-0.010567544295009562
get,car,0.06544529395792252
rise,morning,0.017378774166537804
lie,surfboard,0.006678932096767652
spray,water,0.6461336714297583
run,pitch,-0.0009429107704707635
write,note,0.07063558757271907
canoe,lake,0.45609177399959816
join,player,0.7548950635584016
jump,air,0.027295091539357833
sit,mountain,-0.002586969458763996
kiss,mother,0.1345433576055027
stand,arm,0.009810211517277422
catch,touchdown,0.0227855503191774
approach,station,0.18883431159086242
embrace,tree,0.05227399102646209
nibble,grass,1.0
look,tree,0.0006621268114057755
hold,surfboard,0.009686333630953092
capture,photo,0.038194385653133225
put,ring,0.13657977614318786
embrace,wife,0.23455864370433802
hand,ball,0.6196638524000699
study,classroom,0.3442367118853353
eat,chocolate,1.0
make,play,0.05880806733456676
hold,arm,0.017994971305284636
admire,car,0.3739781293185567
kayak,river,0.4992554116931473
kiss,tree,0.00955100223557222
ride,trail,0.0071730950971524285
speak,phone,0.4538590148020423
sit,snow,-0.004749999630473654
blow,balloon,0.3585152814753882
move,home,0.07691303481233105
speak,player,0.022988508590216932
move,match,0.004936723230425191
jump,stair,0.011376402576900303
lie,sand,-0.002285629519876897
stop,road,0.40561000282479165
sit,hill,-0.003242822906049511
ride,boat,0.039697827098558826
open,bottle,0.08571262420224532
leave,harbor,0.13173815949817547
sit,top,0.0019907669151100742
walk,horse,0.00032726111084205084
embrace,other,0.2915919173889232
plant,tree,0.7771395940980257
arrive,event,0.03828342159433425
stand,top,0.007047716447096704
sit,bow,0.0006240695948299044
swim,pool,0.033636861704505035
hold,head,0.01417279135631881
deflect,ball,1.0
fight,boxer,0.08103980212902868
dance,beach,0.18648257767327697
set,flare,0.13758990860742154
wave,hand,0.5177722600816239
display,one,0.1783800929311202
sit,building,0.001343834097519828
open,gift,0.05388527311666445
cut,tree,0.056842026794964584
leap,water,0.15161369591589507
click,image,1.0
hold,bottle,0.002717351599117772
hug,other,0.07457312144054884
stand,platform,0.0006421226340589176
light,backfire,0.26904536185969047
dance,sunset,0.05711825353818246
hug,dog,0.1345816849046859
pose,session,0.08193802183071654
hug,daughter,0.08399835277786682
cycle,city,0.47568534750555186
try,dress,0.8152103630588903
react,game,0.369638387092878
sit,cliff,0.0017139786550538119
paddle,boat,0.8425993164765971
play,beach,-0.012013532231503926
sparkle,dress,0.6213212085156119
look,view,0.03317211596978143
cycle,street,0.3006013681255637
kneel,field,0.06592574992817526
roll,grass,0.3554100600052717
speak,team,0.08624182253766587
evade,tackle,1.0
ride,skateboard,0.04383784760008341
show,card,0.06151427812415052
run,rain,0.006752825000812809
jump,rock,0.0639975335725784
lean,railing,0.14461983492788896
carry,bag,0.02926319899350888
make,goal,0.025110190880771294
pose,event,0.030931788740748957
fall,stair,0.2934693304794519
clean,kitchen,0.24890833561418405
hold,tablet,0.0034607342552396415
splash,rock,0.3106716589953448
stand,bicycle,0.004524383072304629
carry,flag,0.03736696456839851
react,inning,0.1100881300155347
look,ocean,0.04980011153060806
cross,finger,0.03225215748151188
run,event,-0.0013772533905601124
sleep,bed,0.10191960110119677
support,team,0.45852897521619923
pose,player,0.0037498492406516084
shop,food,1.0
hug,tree,0.14288469103961568
shout,player,0.13281820138897465
scream,background,0.4274019494121856
lay,background,0.017968556721318196
cook,meal,0.06826010529604937
look,team,0.002047259178202248
work,class,0.15430102199297835
decorate,tree,0.9617623567650357
ride,person,0.014430988665521862
check,phone,0.3903280761558774
grow,tree,0.1458919417354822
pose,ceremony,0.01600494237100242
knock,door,0.7329483717253638
peer,window,1.0
stand,sea,-0.010772044962178281
pull,boat,0.18181052014207905
use,camera,0.155751453576244
congratulate,person,0.10426116380127602
wash,vegetable,0.12378055903070392
hike,edge,0.07406241989537946
run,edge,-0.0005335256675921949
pick,tomato,0.2396612455858633
lean,window,0.013281749703726769
hold,helmet,0.005767890425399402
climb,rock,0.19073561271860576
accept,category,0.07393784159022922
break,bat,0.17474029569949182
open,refrigerator,0.04217112915152145
cross,background,0.0019540205612972174
rest,rock,0.030728066291907906
walk,child,-0.0021779328705006425
play,park,0.0017669688369906873
fly,flag,0.09731455936254912
block,ball,0.049439181284587755
mix,salad,1.0
style,hair,0.6866869106122511
stand,rock,0.019675699414632316
write,letter,0.27524176300455905
sit,edge,0.0033212432302911167
congratulate,match,0.20264799851520385
sit,boat,-0.0018356224278632878
rise,lake,0.004060948261844076
talk,man,0.014270804131959055
lean,door,0.0358397835720014
set,table,0.1771720809109425
sit,cross,0.00047566665896247364
stand,sky,-0.0013503691298901472
kiss,other,0.015985475098578263
ride,bicycle,0.055266664430699365
look,car,-0.00016927423450639116
run,dog,-0.001856936183842553
ride,horse,0.16109356805640573
seat,table,0.629460081078858
hold,league,0.002047054431827184
cook,kitchen,0.19390605104751102
ride,camel,0.02330882888246216
hold,dish,0.012544838975034665
stretch,window,0.023855629139425728
use,laptop,0.05857797634179316
raise,hand,0.4448782770666975
travel,road,0.2183142726458031
move,leave,0.06856945778267097
see,bride,0.09465954338277056
read,paper,0.15044670641608532
argue,other,0.29822707436680623
enjoy,rain,0.21070536545697802
wash,hair,0.14033182536541075
run,background,-0.0017873957787259418
hold,smartphone,0.001045354714515874
cool,fountain,1.0
write,something,0.1772626842565352
rest,street,-0.005768125041109326
sit,scooter,0.00013755190071682022
paddle,kayak,0.15740068352340295
climb,tree,0.21399474870816815
climb,top,0.06938152171396073
type,something,0.2902994022777868
look,jacket,0.023356831524610377
use,pc,0.06729657626328348
look,field,-0.005810082410034863
crash,rock,0.02005581597398007
pose,match,0.026992931415926683
be,pair,0.06951446121718728
walk,branch,-0.0007794597696680794
stand,cliff,0.008522465957091151
exit,reception,0.20954536695815917
go,river,0.00441559704345478
point,hand,0.31725382762576143
greet,person,0.11065076048877062
scream,megaphone,0.5725980505878144
sit,sea,-0.00958768133988985
carry,book,0.03460734956282386
play,sand,0.01066415342999789
stand,stage,-0.0014742626072897303
be,event,0.06253254608439027
paint,flag,0.11624758965590778
hold,scarf,0.0043108302059043715
look,crowd,0.01413993860930282
touch,hair,0.6568953030929885
buy,food,0.3136600830654689
pose,beach,-0.008693909840104624
prepare,table,0.019645963006999768
embrace,daughter,0.07343483374593847
slice,vegetable,0.6495135452509756
shake,hair,0.12777554672846309
jump,field,-0.0017068795417794305
hold,box,0.007178174755003118
look,balcony,0.018865641349564706
look,beach,-0.012487404686281662
hold,sign,0.009488562711146403
sit,bridge,-0.004024419763292611
drive,tractor,0.03514092338180947
sit,sideline,-0.0006883357128192948
sit,lap,9.089326085165425e-05
walk,side,4.46486032187147e-05
pull,hand,0.07806139272785037
fill,car,0.8263517098569382
drive,boat,0.22989129432609903
go,dress,0.005413581930848947
paint,glass,0.09807433676271277
ride,race,0.020512980552899483
sit,dog,-0.0034204580387032827
stand,hand,-0.0008793217384774842
stand,piano,-2.6659989218460767e-05
look,camera,0.008854956817571636
use,smartphone,0.06503157832096206
sit,surfboard,0.001019806404164564
head,river,0.23073103799009023
jump,background,0.0377888948279137
drive,horse,0.039972829781422387
walk,wall,-0.00514130879305732
take,model,0.017267881790509455
stand,street,-0.013173315890079385
jump,bridge,0.004382869798374427
stand,snow,-0.0035100297370074126
use,glass,0.08238546827995322
drape,front,1.0
coach,player,0.23753017302298937
cut,grass,0.0058614538290945395
clean,window,0.3651668203413449
float,storm,0.005104735972648582
look,dress,0.017581656967236313
play,street,-0.004020345837721705
walk,bicycle,-0.0005845469522306986
cross,sky,-2.1615774630943583e-05
transport,river,1.0
show,dress,0.04916851285873631
leave,field,0.0252766603374988
wave,flag,0.2265962498695758
look,face,0.011539653106957813
stand,water,-0.015372228742960738
collect,flower,0.03499641685406198
look,smartphone,0.03277030339076069
arrive,dress,0.01605223988899208
ride,flag,0.03351292685903255
stand,row,0.006327855735339424
hold,computer,0.02732256354393594
ripen,bush,0.49570402186590584
hold,piece,0.007519436510564473
rest,hand,0.008717146701047073
push,patient,0.2794147597947942
smile,background,0.23761375499511564
run,side,-0.0007645338022200036
smell,flower,1.0
walk,sunset,0.0061999240984813
welcome,guest,0.41963621490857206
show,costume,0.011629315976109823
walk,garden,0.0003682268563810425
pose,medal,0.013022320501852577
present,trophy,0.12131934848244914
walk,lawn,-0.0019334854868561947
take,food,0.03152170221561207
hold,jacket,0.0012264628543681236
dunk,ball,1.0
walk,stair,-0.000981555472282576
pose,trophy,0.09908712644477116
shake,hand,0.7329282746744261
stand,terrace,0.00438143269082503
hold,girlfriend,0.004455909832011836
lean,car,0.03671373727663765
lie,branch,-0.0006667601948734252
sit,fountain,-0.0001773318888130161
cut,bread,0.10960502318215741
pet,dog,0.7357862823239624
prepare,tree,0.003157211019666258
cuddle,water,0.7202322222718537
sit,tent,0.0008036288000880667
join,team,0.24510493644159836
ride,motorcycle,0.07510805951664397
hold,umbrella,0.0024264056283445344
walk,dock,0.0005657219476529359
raise,arm,0.2488090021083924
form,shape,1.0
stand,horse,0.005661877275161962
approach,city,0.15197941214014907
leave,harbour,0.09688530222775169
smile,conference,0.12596257356822263
feed,boy,0.0430581455356774
run,hand,-0.0024808000870574155
blow,snow,0.29161066985721007
attend,gala,0.06822308572250797
kiss,daughter,0.0921099034926943
sleep,book,0.13567495203754926
rest,boat,0.0225468223585136
sit,sidewalk,-0.0009275093109196736
pose,award,0.08361642930071167
hold,bunch,0.015806377421649358
look,something,0.001233832946052692
attend,conference,0.013949929642627798
stand,back,0.005215404901346741
fly,sky,0.19797032563489905
leave,ground,0.077106363331263
choose,shoe,0.11603175881098048
take,piece,0.0074348223563916686
take,banknote,0.014314504123456293
hug,man,0.03417543365633446
stand,river,-0.001051852655566406
wash,clothes,0.1705388700580452
hold,flag,0.006883922989724489
open,window,0.11113390449027784
walk,training,0.0006025427415078828
pour,spoon,0.10173638606918832
enjoy,sea,0.0301633245095268
lay,bed,0.09149797589096527
look,phone,0.02207241821628996
arrive,flight,0.05595862789751221
post,picture,0.6140927787607608
stand,rain,0.004488372741187043
cross,mountain,0.004801419303013744
clean,snow,0.13923124575010934
sit,nest,0.0008036288000880667
sit,log,0.0008036288000880667
stand,city,-0.0031308319236725795
close,door,0.42278811805712674
sit,horse,-0.0012963913680196064
carry,woman,0.04644196612503705
struggle,ball,1.0
dive,try,0.10592955136533098
sit,river,-0.0024843994588971247
look,player,0.002031871004231869
hit,street,-0.0008801166098737414
lie,back,0.000865401318983784
walk,dog,-0.0028703469269297957
talk,actor,0.01903997807898621
park,road,0.6135381558085592
hold,laptop,0.01887939297536877
draw,banknote,0.559817152597052
kayak,lake,0.5007445883068526
play,day,0.006871527557447307
speed,road,0.3967190208395791
hug,mother,0.01592422848967926
saw,tree,0.6685145629627225
hold,category,0.0034607342552396415
smile,ceremony,0.06316212552493447
walk,floor,-0.004600065574181241
speak,child,0.011167202757982837
stretch,practice,0.055570822509470826
stand,bridge,0.0005464897154426466
carry,girl,0.001801575084815749
show,colour,0.03759944648625726
observe,player,1.0
climb,wall,0.15419050238190551
react,half,0.22770615858158655
parade,street,1.0
cross,arm,0.017460344850937604
walk,top,4.721940052119887e-06
run,pool,-0.00032966570865166077
open,box,0.26091885662567293
block,road,0.31897414253711037
cast,stage,0.11992857072011795
look,house,0.003615258531441763
moor,water,0.002719471780059076
set,background,0.13943066692704884
attend,night,0.04794747545549151
sit,railing,0.00370524468147033
arrive,church,0.02475111027680628
kiss,wife,0.09584777500224875
ride,motorbike,0.05132411894606773
play,sunset,0.002391933815285886
look,water,-0.0054464105743973175
look,match,0.004934035615477897
jog,dog,0.01793085114772894
leap,person,0.08709754138932536
be,suit,0.08199329636262963
gather,sky,0.01604882275229645
gallop,field,0.05474728667288662
pull,rope,0.018865104515257344
hike,wood,0.03745441651940507
stream,tree,1.0
flip,hair,0.7017055491888772
admire,sunset,0.12398038725779333
pass,station,0.012377173285079661
capture,photograph,0.16734120293147506
seat,grass,0.1295662315652434
pour,glass,0.2917915683206235
sit,library,0.0018188487292007426
enter,ceremony,0.07638612056281038
order,food,1.0
stretch,hand,0.06982900441797892
trim,grass,1.0
walk,rock,-0.0031895236382267897
leap,air,0.5882638160741568
lift,hand,0.10315426179330216
stand,boat,0.006730911116028974
look,pair,0.008945630851709425
dye,hair,1.0
pose,star,0.013592175478131047
sprinkle,field,1.0
see,light,0.06375902010118571
speak,crowd,0.02953451393305518
put,makeup,0.06828988807159393
enter,house,0.1943491685193165
look,patient,0.003240502727103446
push,man,0.13358976939138836
sleep,street,0.014401100897544003
practice,session,0.2646990518166803
kiss,actor,0.07314690822401375
hold,fish,0.013642675874621982
raise,glass,0.09375778574549211
open,umbrella,0.022281934631526112
chop,vegetable,0.21012366537432392
help,woman,0.4084799454258738
comb,hair,1.0
jump,horse,0.005970325229901556
laugh,session,0.11673829510437807
picture,action,0.0410563101498201
clear,snow,0.6996555895017866
plough,field,1.0
burn,dark,0.19650586531744865
carry,girlfriend,0.018754469998631916
talk,audience,0.051090897837017285
chase,ball,0.6531452564618344
pet,horse,0.26421371767603763
ride,car,0.1265639894060736
dive,touchdown,0.5691048772490596
gush,fountain,0.8532343882872319
cruise,sea,0.16165766216463445
check,patient,0.0650643788171974
get,water,0.017270430635232866
kiss,umbrella,0.02129552945556859
walk,dugout,0.0016120788072718933
sit,forest,-0.003997098916253964
carry,food,0.025349476838430453
speak,conference,0.047590715085749954
work,field,0.03048615621484684
pour,fountain,0.009108408776410002
pose,portrait,0.0019188718842734413
look,window,0.05545957599175232
sing,composition,0.02161518324037208
run,training,0.002057912590051067
open,door,0.16010436287137153
rush,touchdown,0.38252278707686344
hold,basketball,0.003115958046274606
kick,session,0.027202214514457403
buy,fruit,0.11005687202532498
hug,son,0.03807679328016459
sail,boat,0.13799395160901567
look,portrait,0.010432678997549552
block,shot,0.38944218877461473
look,snow,-0.0019387380586556912
sit,platform,0.00028456773356733427
sit,water,-0.008368325392952748
walk,hand,-0.004303812610949674
stroll,park,0.01840683549017121
move,wind,0.0732396609279714
look,gown,0.009804787333116629
talk,woman,0.0577572196499743
carry,skateboard,0.011489765448181172
dock,canal,0.23289490677862826
exit,church,0.7904546330418408
warm,player,0.06866391636217359
intercept,ball,1.0
look,prey,0.014799586197248698
feed,chicken,0.14703504634944295
sit,bike,0.0009886787601862987
hold,book,0.01817667070171139
brush,hair,1.0
stand,sidewalk,0.0009129404353234184
stand,mountain,-0.002369305575842087
float,boat,0.0038633091746115467
look,mirror,0.013059555681989748
shine,lake,0.1423220768591535
use,binoculars,0.026918630505313398
attend,opening,0.012936240598081038
enjoy,sunshine,0.18499805848187892
run,garden,-0.0016346821677895105
lead,team,0.04477872860799827
fetch,ball,0.699876444132989
use,phone,0.0450622341031147
speak,event,0.05352273513635046
look,flower,0.013899757880426238
dive,base,0.07362678691323284
marry,actor,0.31599883082929053
coach,team,0.7624698269770106
shake,glass,0.021557528240708702
cover,face,0.41795946519086763
pose,dress,0.03575378536996903
wear,shoe,0.10378951135337439
hold,rally,0.0018496034034994893
set,tree,0.0928507239842891
leave,pitch,0.021108360517671232
go,stair,0.10004532722570977
work,event,0.08292260930236411
read,book,0.3181278555728608
sit,wood,-0.0008063169113711338
walk,woman,-0.0008887202427494715
jump,sunset,0.023891964023524146
exercise,park,0.38684824928168066
toss,hair,0.22873871469326285
hug,baby,0.030314772589644816
swirl,sky,1.0
jump,pool,0.04330629258655098
insert,coin,1.0
string,tree,1.0
clean,car,0.09854164293814806
pose,show,0.04272656554919946
sell,flower,0.8050048789961802
ride,scooter,0.07091525455272728
put,mask,0.034144944035796966
clap,hand,1.0
tackle,game,0.17800883266326575
enjoy,blossom,0.08044363142563107
walk,wedding,0.002310084544613849
sleep,bench,0.20885145255475984
win,event,0.04812628864854861
place,hand,0.8906001097255265
sit,blanket,0.002299985153904059
sparkle,gown,0.3786787914843881
stand,sculpture,0.004288678668765481
hike,top,0.030400485374038517
warm,game,0.4872731690146736
sit,pavement,-0.00011318891632823139
walk,camera,0.00028685050480892936
ride,event,0.02445297590185227
deliver,inning,0.320960788114534
drive,person,0.027133076802915677
wear,hat,0.09189986327366563
buy,fish,0.12509234895813975
talk,phone,0.1476663285888385
attend,ceremony,0.08926861818898464
smile,dress,0.05572713676797252
marry,person,0.6840011691707095
pull,rickshaw,0.12465551222537362
paint,door,0.07052331270608787
play,piece,0.009183388198073933
read,message,0.046963998361439344
pose,premiere,0.01775010327721144
sit,dugout,0.0017383460893160062
hug,park,0.004548332235049202
hold,money,0.00303908324757062
dance,background,0.10364799101788051
sit,actor,-0.0002541098822071525
break,tree,0.01194869333604977
wave,crowd,0.016691633207577092
dance,photo,0.018086763053419695
wash,car,0.16044965941606357
move,ball,0.04588027011554736
hit,return,0.01735537116274365
give,flower,1.0
lie,rock,-0.000626610862372082
warm,match,0.08617851650533519
punch,ball,1.0
sell,fruit,0.1949951210038198
pose,flag,0.0139840518790505
stand,wire,0.0010068166352995291
chop,wood,0.7372237882112098
take,sample,0.009221597411956101
disembark,train,1.0
write,background,0.02741733263213361
flutter,front,0.22090834191496994
ride,cart,0.1090312688463626
carry,basket,0.01690146785137508
laugh,ceremony,0.25401146890237913
show,figure,0.08036726896278742
look,glass,0.06091492410655033
pour,dam,0.1067541570135154
wear,costume,0.014012901900514008
run,court,0.0066290983407515805
sit,tire,0.0006426076044703823
enter,field,0.05174298539547199
point,finger,0.6309542825045465
lie,snow,-0.0001660699419820384
fly,wind,0.09813433129552845
spin,basketball,0.38839007250978624
splash,water,0.6893283410046551
cheer,team,0.43896529441163246
help,student,0.29816206695476105
hold,door,0.00034686253049772455
cheer,player,0.016624977313747093
be,festival,0.07854171526141761
lie,pillow,0.003325983417238575
sit,pool,0.000554293273044777
check,one,0.09956360683941809
hold,camera,0.0039243659803321765
wrestle,person,1.0
saw,wood,0.33148543703727745
hold,finger,0.004673937069411909
sleep,sofa,0.0589026394051543
show,sign,0.16916426484141392
deject,match,1.0
help,child,0.12896982660957435
turn,head,0.5138267054064181
walk,day,0.004048423030485749
play,baby,0.0148284002402989
dock,harbor,0.10042552981792889
dress,costume,0.2938405551159649
lean,counter,0.034797704593392265
look,door,0.0037899794015588528
hang,side,0.030856141217571097
wash,hand,0.15177073880495962
play,water,-0.0015911957388953838
fix,car,0.23332786473432998
show,show,0.012755508876711969
perform,celebration,0.029200718415283405
fly,air,0.10683272269690633
sleep,hammock,0.006060146040095954
talk,cellphone,0.18661883250617667
stand,man,0.0004163352252949019
speak,session,0.014180157547114077
work,ball,0.006414043613184429
run,briefcase,0.0015947639074982065
pursue,ball,1.0
enjoy,view,0.11990173485001637
show,thumb,0.03759944648625726
dance,sea,0.00232758327158469
perform,award,0.0031658680480240145
sit,desert,-0.0001758699997150486
look,home,0.007443713045479633
look,ceremony,0.0021808688251273058
put,shot,0.16206612427049263
relax,grass,0.511734893582659
praise,player,1.0
float,pool,0.04736266844163526
grow,bush,0.17259345471804902
picture,session,0.05991162268444184
cast,net,0.47103223318192355
enjoy,sand,0.005533305057873318
carry,bicycle,0.024798694390743285
work,arm,0.2364890737016133
walk,home,0.0011314438953058717
push,boat,0.10592244726910036
get,floor,0.017545803193888487
crash,event,0.010478010686570189
skate,team,0.8186087438436669
cover,hair,0.16933122181460566
rest,branch,0.021739124524073478
bend,tree,0.31748471210432383
light,cloud,0.16398348004579993
hold,cup,0.007627111905501204
offer,sign,1.0
walk,train,0.00017768218757549834
stand,forest,-0.006277022590900424
stand,background,0.00812486752740213
talk,office,0.06631104248971047
study,art,0.1276935416071556
look,front,-0.0005632749845475781
dance,park,0.01914973088223748
clear,ball,0.30034441049821337
style,dress,0.31331308938774893
dock,port,0.3432341076250244
accept,award,0.9260621584097708
open,eye,0.1412212682671629
flap,wing,1.0
lean,head,0.019808757593528417
hold,jersey,0.004832668074551951
work,team,0.22919373215653002
kiss,park,0.042490372541817104
grab,rebound,0.49111522208454755
close,hand,0.019740160424625956
arrive,person,0.012522864694379592
shout,sideline,0.4108999797724834
laugh,beach,0.045399620065165125
stand,house,0.0025800196933827386
hold,bicycle,0.0032321795965347486
tackle,match,0.22598707352341887
throw,bouquet,0.025538815541243612
tie,tree,0.32172686818277
stand,pasture,0.004583093441057171
run,wood,0.002551837771983866
pose,screening,0.010037684003681368
fix,net,0.3896891596868067
pose,costume,0.00868154700123505
be,snow,0.08265169087037574
cook,food,0.32969575718219546
climb,stair,0.1124690902966953
hold,skateboard,0.004440154691928006
kiss,water,0.015353900123530084
smile,park,0.047713183755787855
arrive,station,0.0044739963629887875
burn,street,0.561690791862614
visit,city,0.10513381048960906
lie,side,0.0002074383789051043
write,notepad,0.1261807927690016
sit,box,0.0014305526560854911
jump,park,-0.0029109797502063156
look,dog,0.003844779532384813
kick,team,0.0030738617817609006
pour,drink,0.05818999394912477
flex,muscle,1.0
hold,bundle,0.0036843387385244526
sit,skateboard,0.004334070278686922
loom,sky,1.0
talk,person,0.024627244585695394
wear,skirt,0.07996951967855406
bathe,river,0.3906229750537527
pose,jersey,0.016057308208637922
salute,crowd,0.08772975322961102
fly,balloon,0.16526700738274405
exercise,beach,0.23858696610491512
drink,street,0.28792383368642444
show,tattoo,0.05371158485466097
carve,face,0.8765585668091028
walk,sculpture,0.0043327042963189535
perform,set,0.007166261558179043
race,street,1.0
kiss,beach,0.014482035225066048
look,distance,0.01789126170341885
point,crowd,0.051791889869692034
smile,wedding,0.055116493684826164
use,car,0.019539035401056906
wear,clothes,0.09517198794839296
navigate,sea,0.3324553733951671
take,swing,0.020721458148611347
defend,player,0.13661653619896053
lie,window,-0.0011228548041717697
leave,church,0.03130284112978968
lean,motorcycle,0.06585046055753205
sit,portrait,-0.00041014532398399626
plant,flower,0.22286040590197434
fold,flag,0.6505657890120538
throw,touchdown,0.006513770241659029
come,field,0.16933431141056052
step,event,0.4108397600080133
stroll,forest,-0.0017435183362329717
pass,sign,0.01696717979060199
push,cart,0.05383855432403435
cook,grill,0.1122763650241196
gush,spillway,0.14676561171276814
appear,portrait,0.15014169475012026
paint,wall,0.10036250192474941
gather,rally,0.13419895739437673
walk,car,-0.004469122607366079
jump,player,-0.0028797689155078254
cross,field,-0.004219518142535541
listen,coach,0.29103461159111776
cut,cake,0.04348588594769933
wave,boat,0.028304342220143715
hold,notepad,0.006921468510479283
see,action,0.055987308548179265
rock,wave,1.0
approach,platform,0.27896841141167095
instruct,player,0.4887011412796105
hike,desert,0.0045441968349947135
gallop,horse,0.6216420546921333
warm,hand,0.35788439811781775
write,book,0.08046074685319254
run,treadmill,0.0025210612726039275
lean,fence,0.10002044730012295
stroll,city,0.031785711033262797
attend,event,0.07369066365940999
celebrate,event,0.012132750478579086
play,daughter,0.013932933716134712
celebrate,pass,0.011225649304898366
emerge,tunnel,1.0
sit,home,0.0011266575752743508
walk,vehicle,0.0014386283992779924
walk,bag,0.002720614591199153
tackle,player,0.3546382133964703
sit,man,-5.726992300498262e-05
lie,dog,-0.0017714380569137252
pass,half,0.009893913054506485
fall,rock,0.054553108461243886
yell,player,0.24225888761305317
line,putt,0.3188288091335075
use,stethoscope,0.12113383727391028
walk,front,-0.003920585563313495
run,first,0.0006859708633503557
hold,pill,0.002542370635167068
rest,car,0.00038262212513713486
pair,skirt,0.48052716495833725
stand,woman,-0.0001599599353107646
stand,car,0.004032248845490932
look,mother,0.005144242222891807
celebrate,pitch,0.006248900532812789
listen,concert,0.12747090176055434
assist,student,0.3414068147356986
sit,vehicle,0.001422575503376277
gather,person,0.021101790366158786
repair,car,0.4957292035926786
fly,tree,0.004419812065329021
hover,peak,0.45559945111608974
learn,library,0.8179340710420249
be,work,0.14824005595891368
walk,background,-0.002198328347242924
cascade,rock,1.0
sit,book,-0.0012777488966237956
run,camera,0.0020866137398608898
shake,water,0.037116812629754845
smile,front,0.07198674325615391
raise,flag,0.052517531820328985
dive,water,0.12407587881150074
bathe,bridge,0.6093770249462472
stretch,leg,0.051871113748653164
take,image,0.0051909741618757195
spot,dress,0.6292539359876393
canoe,river,0.5439082260004018
attend,concert,0.022751740540148595
pose,conference,0.026594126669118878
switch,light,1.0
walk,office,-0.00024374813069766716
hold,match,-0.0012955071845044395
leave,ceremony,0.10002413399115082
greet,other,0.06204153357412614
hug,child,0.050666127055738294
sit,camel,0.0005633287876371754
make,dress,0.10859043168613956
huddle,game,0.5135183316016975
dip,bride,1.0
walk,edge,0.0038923836219246994
dress,dress,0.15990079038474925
wash,window,0.07280159462764907
carry,pot,0.033260552118609434
play,boy,0.006923410359061303
hold,flower,-0.00045875814757286693
stand,hill,-0.002295960137863132
speak,patient,0.0443129145772719
hold,paper,0.003199834839117526
dance,dance,0.0781889331473938
use,umbrella,0.03619932838594639
act,film,1.0
sit,bus,0.00015855555298749125
stand,vehicle,0.0032552360312142455
look,skirt,0.0027237375581691085
don,cap,0.4442718556106948
reach,line,0.048978505261369265
go,field,0.00772349645713451
buy,vegetable,0.2057382095160412
count,money,1.0
line,match,0.24378389766943223
lie,blanket,0.01592797151248764
wash,rock,0.008607478456605033
win,person,0.013333068269912669
look,laptop,0.018634682949336383
walk,storm,0.0003012713707539414
brew,potion,1.0
read,library,0.06939429803282739
pose,afterparty,0.004636973625195757
arrive,harbour,0.009866903641324806
read,student,0.13627234222660395
stand,building,0.0022027707609526353
flip,bat,0.2982944508111228
push,daughter,0.027776394690680342
fall,water,0.09623333560180185
lock,railing,1.0
read,class,0.01100071171595707
argue,person,0.07760025076452427
take,pill,0.0030738658039853673
go,tackle,0.052873574043652644
carry,son,0.017733232088647105
sleep,classroom,0.09242220642501575
look,scene,0.016584682546148935
make,web,0.05244233164082471
have,car,1.0
fire,ball,1.0
nestle,site,1.0
fall,ground,0.16139965985877494
attend,premiere,0.02412936477560523
rush,ball,0.20550831214950782
pose,stage,0.02517793993001875
display,color,0.16039896582362528
walk,groom,0.0005190589642049043
kiss,man,0.045666838514797886
talk,team,0.015068735913098841
instruct,team,0.5112988587203895
put,arm,0.04786720094567322
sleep,table,0.06264041505277183
get,train,0.02575290459448041
use,computer,0.10605123383136279
pass,forest,-0.0021000613083046204
fly,water,0.015105833855655788
grab,catch,0.2335717661347962
clean,house,0.14815195535621353
carry,baby,0.020579982567816405
stop,shot,0.3911092521273115
call,ball,0.029321929743409095
dance,light,0.032463102446357424
teach,student,0.46036195269554947
drop,catch,0.19988755606008266
park,street,0.1763193482668131
touch,face,0.3431046969070115
show,event,0.07367676509302803
jump,fence,0.012420839549206262
sit,dark,0.0007450054668497172
wash,shore,0.0038502551155433547
hold,chicken,0.006543358716806005
congratulate,other,0.08718318635574038
gather,tree,0.037528853381815955
check,car,0.3192440596520439
jump,cliff,0.02272221758813809
jump,snow,0.0016281138082695425
laugh,camera,0.11454978207008557
turn,camera,0.13357265999309068
gather,event,0.0896106968757104
walk,father,0.0006025427415078828
stand,crowd,-0.0010161022819610292
coat,ground,1.0
run,zone,0.0013719417267007113
cut,forest,0.022389507462902775
sit,road,-0.007155357115681195
arrange,flower,1.0
hold,hat,0.008075046595559163
run,bag,0.00011063817058584617
lift,player,0.016383555854213232
stare,camera,0.6409413519512033
move,canal,0.1622354272625112
attend,screening,0.034111542861253986
make,face,0.3104279495298005
grow,front,0.02093846325769104
present,outfit,0.34130463074275047
play,lake,-0.002653439716779892
speak,microphone,0.1132279920333882
run,stair,0.0038539331746892725
arrive,car,0.007285381645982614
read,letter,0.16205491492191157
work,session,0.08276028914603531
wear,dress,0.12646109997162375
meet,person,0.024996451881252626
run,balloon,0.005784834980121642
carry,box,0.0067395092529294225
leave,port,0.19992494426021684
kiss,person,0.0246303412985531
enjoy,water,0.008613440995854095
bow,head,1.0
carry,wife,0.023744979676650575
sit,wire,0.002028688549473921
fly,beach,-0.0024594931329820825
substitute,match,1.0
collect,honey,0.20154786774129932
study,book,0.3383772872517001
compete,match,0.01140693374357509
prepare,net,0.05442599140609439
present,award,0.21524483129699257
drink,chocolate,0.7120761663135755
pose,student,0.043139866469388576
look,sea,-0.004196175892257598
sit,background,-0.0007948854125318853
line,team,0.05403080268987266
knock,boxer,0.17468774659724162
hold,woman,0.0003150054351689657
hold,face,0.0013934909934415116
show,something,0.05188321361280018
reveal,show,1.0
enter,room,0.13397737968910056
approach,port,0.177777534303532
rest,shore,-0.0001775567293898945
hold,award,0.00016414378317705744
picture,character,0.2570520278602762
flutter,sky,0.07676483079531309
smile,photo,0.03686619316708327
call,it,0.5546510929878737
link,mainland,1.0
kiss,sea,0.000128122250923129
stun,dress,0.800915181709776
lie,water,-0.005891234377668622
lie,road,-0.0034412066444428867
hug,woman,0.031525999495498114
rub,glass,1.0
hold,hair,-0.00011770500539354618
argue,call,0.16687199315723225
watch,slam,0.2370182891414431
listen,music,0.21188302558246266
throw,tree,-0.0034347175026978555
fit,piece,1.0
stay,beach,1.0
talk,mobile,0.08375324315814305
toast,glass,1.0
carve,trunk,0.12344143319089718
hold,pot,0.004093564395504977
play,rock,-0.0011808934603986796
sit,cockpit,0.0016072576001761334
talk,session,0.01351936242015955
cruise,ocean,0.3316800309759753
speak,meeting,0.019185111950109992
pose,actor,0.0268837725227567
block,player,0.023839243540798333
look,practice,0.006718291747983137
go,beach,-0.005782694509312112
enter,harbour,0.06515766667558745
break,fog,0.019532491758074633
fight,fire,0.093910391010128
huddle,match,0.48648166839830254
cut,branch,0.017361942936726445
sit,one,-0.0006765789253691746
embrace,beach,0.04398292605575916
sit,rail,0.0014900109336994343
look,bottle,0.005995123626855158
rest,blanket,0.00759802777695851
stretch,wing,0.03306002505549754
connect,mainland,0.5940522744168483
see,street,0.024606993856738906
attend,film,0.03216203746324092
move,water,0.03167257347787781
perform,beach,-0.0036953881721242293
lay,flower,0.00607875256855111
go,fours,0.01075529854244612
be,home,0.04498547294277979
laugh,front,0.03399330811472198
crawl,branch,0.10660290321613264
ride,road,0.02967015889490354
scramble,ball,1.0
stand,leg,0.00554787185469061
float,street,-0.00396050888294169
leave,city,0.08031037200055154
run,fountain,-0.0001624273402868939
show,phone,0.06440072610720911
beg,money,1.0
stand,edge,0.0026003211712629613
fix,hair,0.3769829755788634
grow,road,0.15879224022084626
read,child,0.01658440608987288
check,message,0.038119487937797514
hold,basket,0.0042494193138275784
react,match,0.09590965550401957
stand,desert,0.0012842452681178353
show,person,0.017497712742840354
cut,hair,0.08551594399963584
smile,session,0.16993347151560165
display,flag,0.23006760810957935
lie,pasture,0.003409058223834714
abandon,car,1.0
hold,bag,0.008152054797353316
enter,harbor,0.04362998865002325
charge,street,0.7400460441376535
push,woman,0.12661580697960564
relax,garden,0.3484683595395191
lift,bride,0.07130659221787027
jump,puddle,0.021722494627271712
roam,beach,1.0
picture,set,0.03408710663768749
moor,harbour,0.0670596680572904
paint,side,0.08738264976672284
stand,area,0.0003833681222905622
sway,wind,0.832029916437348
sit,step,0.002883522619507105
take,part,0.0034535763581018918
pull,hose,0.06396721001926954
track,ball,1.0
dress,clothes,0.14830201794632059
fall,front,0.2096013041297314
drive,race,0.10146195154574347
swing,ball,0.26648857954708016
use,card,0.0855499941022765
block,game,0.21830524386288877
move,puck,0.05379426722835427
receive,award,0.43747734168039876
attend,carpet,0.03594013298421239
grow,garden,0.08544602263166083
hug,girlfriend,0.02562516921114276
stand,dugout,0.0005034724096722455
be,display,0.05285874132595258
carry,bride,0.02514082619416502
enter,season,0.01759475651658312
follow,team,0.07800838001595042
prepare,salad,0.015578901406719635
tackle,team,0.09806578480340054
run,rock,-0.0017035354789803367
pose,film,0.009273947250391514
appear,character,0.08986079092778956
gather,celebration,0.061059405909939364
attend,patient,0.004779662397607179
embrace,player,0.034579096869575915
sit,arm,-0.0011238623429722769
defend,half,0.33986984175477475
call,person,0.2827722481348153
enjoy,park,0.008732195449203305
perch,branch,0.13240826301076078
hold,bouquet,0.007692924060652412
haul,net,0.3549720687615043
stand,bar,0.0003288395439694988
jump,sky,0.00021348368567326073
build,castle,0.6234554267817115
stand,book,-0.0009351086774909695
repair,bicycle,0.5042707964073214
stop,ball,0.04057371378486098
hold,board,0.005747773607872495
make,bread,0.20466874649395309
crowd,street,0.5871583313063948
wave,front,0.02884514977483579
smile,beach,0.01046376995821732
hold,world,0.0014369434019681237
pass,wall,0.0010930719672489165
stroll,market,0.017438422845107677
lie,flower,-0.0011815104552022448
fall,road,0.05273603650384131
rotate,background,1.0
pull,shore,0.0450195176625992
help,patient,0.05416156023636369
walk,flag,-0.0009352754545121583
lead,player,0.04133768438589957
enjoy,season,0.04519226734669671
roll,mountain,0.11330433164347568
sleep,car,0.038046396605159294
pull,hair,0.051660821981771035
stand,flower,-0.001938312906168614
pump,water,1.0
write,paper,0.11617639722482102
dance,street,-0.0030414534079820296
walk,court,0.0007193141996389962
move,river,0.037667627451713814
smile,camera,0.09714550609558212
kiss,street,0.012680108753799511
arrive,gown,0.012241208587150599
float,sky,0.00031296497145439294
visit,patient,0.16742121971998603
arrive,beach,-0.005772255358000886
attend,season,0.025952704665009558
drive,man,0.015844990372002963
leave,taping,0.023435905771501345
play,grass,-0.005667214307573398
walk,room,-0.0015153417054849388
bear,shirt,1.0
use,device,0.040377945757970095
hold,bride,0.003324751277974928
sit,doorway,-0.0004452088076022921
carry,surfboard,0.051698774583789395
push,car,0.014882650459072142
study,library,0.18969245925580905
attend,celebration,0.07960457456276186
attend,star,0.017416182160255794
run,day,0.002598461657944373
lie,background,0.0034926770363416125
carry,bundle,0.00845073392568754
fly,ground,0.030718998639530763
dock,harbour,0.29530884420229925
celebrate,run,0.015110276610635819
open,bag,0.02874685790586388
throw,net,0.00611055317264463
cover,eye,0.09418584638287594
illuminate,tree,1.0
take,practice,0.0021553373986868602
cover,person,0.04332056291678465
sit,trunk,0.0008661164324471075
pose,statue,0.011877847253067026
ride,surfboard,0.03767166339888757
prepare,vegetable,0.006086135775213009
flow,sink,0.13246002646689878
pose,night,0.016857036140338788
put,finger,0.09477297183684769
appear,film,0.0188945528628664
practice,yoga,0.24762935720324575
buy,car,0.030200580151248997
walk,pond,-0.0001397049623852856
perform,person,-0.0010957155372092768
stare,distance,0.1114902411286227
choose,food,0.2751978524041499
light,sky,0.22732521820855064
take,book,0.0025133665776156024
appear,premiere,0.07819405874533827
hug,bride,0.0570218559151514
laugh,reception,0.2383899908947226
arrive,game,0.0010467095647135165
sit,motorbike,5.076308560030313e-06
wave,audience,0.09858481622096119
walk,suitcase,0.0010274032954402674
sit,basket,9.089326085165425e-05
shine,sky,0.6121006088626851
feed,cat,0.14549808506612066
scratch,head,1.0
perform,match,0.00041734494197859847
receive,category,0.12559217673251324
be,beach,0.017658572342133628
rest,bench,-1.5642068133730483e-05
walk,business,0.0006379653937631653
trot,field,0.2934869326523593
wear,hair,0.00575557038775717
carry,bouquet,0.01010032462938171
hang,building,0.03299642474864514
arrive,launch,0.01627857102001161
send,photo,0.23897727356561058
walk,step,0.001106962053896557
bend,wind,0.6825152878956761
appear,cover,0.13938107276819192
take,money,0.028524920973192137
serve,food,0.05933318026176109
paint,house,0.0695131395687472
sit,laptop,-0.0003956244332614299
shave,beard,0.7665109608114066
perform,wedding,0.002640387077865115
present,medal,0.16932107895169107
float,wave,0.014134840584477677
cover,skyline,0.034911414781992924
collaborate,project,1.0
defend,match,0.06400416456562942
move,house,0.08282515570480396
hold,medal,0.0023369685347059545
open,mouth,0.04217112915152145
perch,top,0.09281926510779247
grow,vine,0.26374553375302157
wow,carpet,0.24197130250471355
wave,wind,0.06567749742206018
leap,zone,0.1543177250824189
enter,water,0.009165568894896668
sit,leg,0.0030150365817215564
look,spirit,0.004146170636537234
run,drill,0.0008441031251016011
feed,pigeon,0.1132988863535953
catch,fish,0.108747154869139
write,sand,0.0529346518595067
protect,ball,1.0
embrace,mother,0.06524805134163665
cover,snow,0.007752001201139906
enjoy,sunset,0.052967542635785014
bob,wave,0.9754229227907659
draw,beach,0.12117041863685168
embrace,woman,0.07318996303701311
buy,flower,0.057352188496834156
arrive,city,0.005594121586632532
ride,bus,0.019662382433833867
flow,spillway,0.38363507853278045
gallop,road,0.020150497822466876
cover,mountain,0.05840158248823745
stand,dark,0.0012655711470678846
lay,blanket,0.016965832994656527
walk,one,-0.00069100640907799
spot,beach,0.03633169890009321
speak,audience,0.053459085546379945
pace,sideline,1.0
arrive,wedding,0.017085194326743318
laugh,wedding,0.14907209487885836
fly,sunset,0.06968213198649957
stand,shirt,0.0005701285345720454
sit,statue,0.00015855555298749125
kiss,meadow,0.021497558874793914
kiss,baby,0.010975809291910818
relax,tree,0.04993028725562491
watch,ball,0.12748564612923985
grow,wall,0.09978816648502038
taste,glass,1.0
watch,sideline,0.09097468171538058
learn,classroom,0.18206592895797505
play,balloon,0.01117148854200271
attend,computer,0.03699874767549952
use,tire,0.048696289586562025
fly,car,0.009363653747016051
flutter,wind,0.22932646763816486
perform,evening,0.0023072868793754513
walk,market,0.0004255351167969731
lie,wood,-0.00013364263861177878
jog,park,0.020588972245671012
lift,arm,0.05979551566410002
walk,briefcase,0.000903814112261824
flood,home,1.0
hold,bear,0.0007044546838070476
tow,car,0.5943649217340559
defend,ball,0.05543746629179607
put,ball,0.054797506181333014
build,wall,0.14821246912508554
win,round,0.04609042766606801
glow,light,0.7486568701471789
create,house,0.3920388203208386
use,cellphone,0.006696962859221412
cook,meat,0.1660287279135983
greet,politician,0.035080661105345134
wear,gown,0.030981515035085064
show,medal,0.04136347093382841
prepare,model,0.02967764853850942
carry,pigeon,0.012056293049385172
hug,father,0.034204716447998273
carry,trophy,0.002195573804433783
come,port,0.2138660105891887
look,other,0.0062418940103397295
drive,bridge,0.002199987670585143
pass,quarter,0.027536880187300508
practice,conference,0.487671590980074
light,background,0.20401752009881688
walk,morning,0.0006025427415078828
snap,photo,1.0
yell,sideline,0.39263755940630124
chase,puck,0.3468547435381656
hang,web,0.020326979810821887
head,water,0.015992664935302613
yell,instruction,0.23527282487008813
cycle,road,0.2237132843688844
walk,night,0.0004620306153465352
attend,vigil,0.06262200354084883
pour,tap,0.07067060358878934
drive,motorcycle,0.03011399849585971
dress,clothing,0.14692027755798245
lift,league,0.02323016755737261
greet,team,0.014787856749924054
appear,image,0.06802780632560354
type,message,0.47331068130001364
make,bubble,0.10680721722275653
check,face,0.08768039059766572
explain,something,1.0
relax,couch,0.04299203027619757
congratulate,run,0.08774334363328201
bob,water,0.02457707720923398
sit,bicycle,-0.0001680292181653679
lie,pitch,-2.8551609197926644e-05
present,person,0.07367161579924925
run,race,0.0020173723017497605
go,park,-0.0002929208455682151
picture,ceremony,0.04962979652544251
stand,sunset,0.0022173635121239825
walk,building,0.0013568890472379588
clash,match,1.0
place,flower,0.10939989027447343
sit,train,0.00028456773356733427
attend,class,0.006974964821313899
approach,bridge,0.020381318500951727
beat,team,0.39064721720435397
stand,stair,-0.0013902489530085139
stand,wood,-0.0007292105872783557
sleep,class,0.04349894522637341
pose,figure,0.02657521063209458
put,coin,0.05529322874552363
shake,head,0.009174244218901138
sail,sunset,0.0036127332285911026
knock,pin,0.06253232280157082
look,eye,0.013618687790845543
display,banner,0.16039896582362528
hit,single,0.01735537116274365
help,person,0.11022660077342698
stand,tarmac,0.0011268568306587316
raise,background,0.010945922434614137
embrace,man,0.11158230119189176
stand,portrait,-0.0002115241485387777
blow,bubble,0.0917115217595605
push,bicycle,0.08358896636826776
sleep,grass,-0.004675732705534458
assist,patient,0.46630765257874707
make,shape,0.024077081473208608
line,beach,0.0049087235719833125
depict,person,1.0
listen,classroom,0.09093323768050605
earn,award,1.0
pick,player,0.018015485468883548
leave,reception,0.03457929452191717
guard,player,0.3593887693018615
make,vegetable,0.011020160791123631
plow,field,1.0
climb,branch,0.0017176204970652598
jump,tree,-0.0061132263053044105
close,view,0.07540533412287105
wow,gown,0.58599457854118
ripen,vine,0.2159657745597181
watch,game,0.24490976642177814
play,swing,0.010456444038082296
stand,bike,0.002030235432372889
set,landscape,0.07299384910250538
lay,snow,-0.001330314512931664
ride,parade,0.019662382433833867
run,groom,0.0037211157841624816
decorate,light,0.038237643234964265
stand,library,0.001842221841599993
smile,game,0.012775964838195453
connect,run,0.4059477255831517
paint,mural,0.05743019247869012
raise,bat,0.0566133227685454
sing,performance,0.006576902180171179
depart,station,0.4503674180689812
show,one,0.017428514623982108
pose,picture,0.005235587294050567
hold,phone,0.0008490355111686602
ride,bike,0.031746417180094265
hoist,trophy,1.0
buy,bread,0.15789971778694215
kiss,girlfriend,0.07940843768612622
cheer,match,0.023839218703805162
set,sky,0.11004244930156952
comfort,woman,1.0
pull,man,0.03158750069980514
hold,symbol,0.0028738868039362474
play,cat,0.003670399720839222
look,photograph,0.007577310959409242
blow,wind,0.23227870233126488
hang,city,0.011668581299056095
talk,student,0.010534289159421284
look,day,0.0009980715863545724
communicate,one,1.0
raise,fist,0.05761064734260556
get,person,-0.0004376976684274043
sit,shade,0.0007450054668497172
sit,dock,0.0005633287876371754
hang,window,0.0074485897424245865
attend,session,0.0056708192449859834
attend,dinner,0.025872481196162075
perch,fence,0.07477576208602305
enter,church,0.24598023898094235
walk,poster,0.00021310483983078083
hand,person,0.3803361475999302
take,water,-0.003911530415106626
show,finger,0.0661003093126899
spray,wall,0.35386632857024164
pick,book,0.0742962851002081
see,match,0.02549520388221312
applaud,crowd,0.15051722524455413
show,briefcase,0.04613570859311289
read,classroom,0.05120723394849928
watch,triple,0.16485490565755337
burn,road,0.2418033428199374
hover,sky,0.4439456429168796
stand,dog,-0.003551171558917878
encourage,person,0.8031086684101226
present,dress,0.04892451884795984
stand,counter,0.0012655711470678846
drive,event,0.009406169270347604
show,face,0.049884516777912
take,hand,-0.0008024060301789986
go,water,-0.005416679338639953
walk,site,0.0021276755839848656
smile,event,0.015533082872307067
sit,seashore,-0.0017189242626555563
lie,wall,-0.0020776994258957615
walk,village,0.0035443350606208885
bring,dog,0.12066185494426551
sing,match,0.001137596516273946
recline,couch,1.0
flutter,breeze,0.4730003596515521
participate,event,0.10100846558688507
hike,bridge,0.0016488013037948774
break,player,0.010818855824162513
hike,path,0.012216718137199352
edge,bride,0.2664557178108589
look,actor,0.003956011908614018
sing,street,-0.002480578910414392
push,bike,0.021214058237723658
sing,background,0.006384025816733959
walk,person,-0.004798597540732506
defend,goal,0.05430895461624062
leap,ball,0.018707221538203846
swing,bat,0.7335114204529198
toss,bouquet,0.04935262936843845
perform,artist,0.012268655458356665
support,woman,0.1766577683225778
guard,net,0.6406112306981386
participate,rally,0.08621875832375238
celebrate,championship,0.004852292968202692
shout,slogan,0.36428196323303835
build,snowman,0.22833210409320298
travel,highway,0.1688528608897195
change,dress,0.3655875666260574
perform,composition,0.007763204596690966
hold,bike,0.0009895983308874556
look,photo,0.0010753832262527716
jump,car,-0.0006629025778984389
take,background,0.0011537732776119194
pour,cocktail,0.040694554427675333
stand,dock,-2.6659989218460767e-05
applaud,team,0.06004980464244289
hold,shirt,0.002512471589652194
wait,person,1.0
deliver,pitch,0.20360458411643123
travel,camel,0.07610665187787159
participate,drill,0.41589387626474306
look,lake,-0.0025888889036272283
go,light,0.02052341709777777
break,mist,0.023069446775285673
tackle,ball,0.1433000956134445
pass,person,-0.0007893901634107585
drive,vehicle,0.013295506802087471
wear,shirt,0.030981515035085064
take,award,0.0065925663519172785
run,illustration,0.0009498901641499108
dance,stage,0.002443838595886269
gather,honey,0.09181926242184271
carry,bike,0.013869210310878335
walk,camel,0.001106962053896557
depart,city,0.1599040276341298
kiss,groom,0.019349659580294578
shout,megaphone,0.09199985560550362
collect,award,0.05220708452894348
close,trunk,0.028256205495309987
pick,fruit,0.09069861511278009
be,match,0.017590676746987426
sit,leaf,0.0008036288000880667
receive,medal,0.2424538276137881
try,hand,0.18478963694110964
enter,station,0.01839631745582094
tussle,ball,1.0
play,catch,0.00560737104764915
dance,field,0.005061801278906873
expect,baby,1.0
kick,point,0.025056066833905252
run,surfboard,-0.0006377271711496639
show,hand,0.0483435502319211
cover,mouth,0.13060342891762194
show,trophy,0.005192964157647889
sleep,chair,0.012281342867756805
chew,grass,1.0
haul,beach,0.05571758438686205
direct,director,0.09529642831676492
cross,line,0.013664458710890896
float,mountain,0.0026423216763558246
argue,coach,0.03259889298142925
hold,solidarity,0.005747773607872495
admire,blossom,0.33427306457665407
lay,shot,0.0026241732620538314
look,work,0.008292341273074468
pose,day,0.0055936207516202
participate,class,0.27589556737927634
face,team,0.8186087438436669
hit,slam,0.022472271424596218
carry,umbrella,0.007768500002614811
roost,tree,1.0
head,city,0.009052667873649577
run,crowd,-0.0012790578764446097
run,dam,0.0020044452107452846
defend,team,0.1131894963968107
picture,daughter,0.029281993399120257
arrive,father,0.006257693357800477
assist,person,0.19228553268555443
lay,sun,0.004923934312255782
spot,session,0.3344143651122674
dissolve,sky,1.0
set,cloud,0.03334540063014206
entertain,crowd,1.0
work,child,0.04026042573455153
look,session,0.008948559088204598
sleep,bear,0.09524009838623301
yell,team,0.12983072811055757
arrive,celebration,0.04783778311265723
attend,theater,0.012570297446154028
look,coast,0.0047220650524055
look,it,0.001936712795623443
fly,forest,0.01436839695559752
sit,view,-0.0002541098822071525
shine,light,0.18837280073300808
see,it,0.017540822032104636
slide,tackle,0.06692607967118477
change,match,0.2799866161190395
set,play,0.08856323364712057
hang,street,-0.004200092020776948
seat,sofa,0.11044610935798507
react,team,0.14608799448299975
play,it,0.0019592046101946066
make,team,0.02367249418002562
write,director,0.04414795577789312
sleep,window,0.008081410353334442
crash,stone,0.02417640203710441
run,tree,-0.0037368996383830427
float,cloud,0.008626131433437732
perform,finale,0.004866786402547235
run,stick,0.0025210612726039275
defend,net,0.2308561776603636
embrace,bride,0.019558275638461475
leave,gym,0.049315857694846074
cut,wood,0.030908302361061967
be,player,0.011563416232227603
arrive,night,0.010439130363960741
hold,other,0.0012296651984249523
take,glass,0.008716455905479772
hug,groom,0.0478039631599109
surround,tree,1.0
arrive,ceremony,0.012673307675430777
enjoy,person,0.004255900307047776
defend,game,0.005717362515424234
shake,leave,0.05660090455432373
hold,poster,0.0023071561701597607
get,look,0.037040670195582256
get,ceremony,0.02741095825326906
fetch,water,0.30012355586701106
dress,jacket,0.1726197422902092
leave,team,0.007394295030697128
talk,patient,0.033569604864903374
walk,sunshine,0.0016120788072718933
celebrate,drink,0.002353527730722031
spin,web,0.06045167517645641
pair,dress,0.5194728350416629
lean,stool,0.017016657248328734
sit,city,-0.001688593150288893
sit,stage,-0.001906808952376495
enjoy,snow,0.03032208842119632
be,actor,0.10486011861895075
perform,scene,0.010350939462254622
attend,category,0.00888889679776294
hold,photograph,0.001710477067326036
look,side,0.0017604337903690053
compete,person,0.004044069906859981
meet,player,0.0005103794126352984
sign,class,0.653827992539379
stand,village,0.00025173620483612274
flaunt,figure,1.0
change,color,0.354425817254903
prepare,meal,0.07328264291642066
go,lake,-0.002345313140022483
don,dress,0.2324805603073532
attend,day,0.032956246660367665
be,window,0.05804514592643152
wipe,face,1.0
sit,rickshaw,-2.9056312233081286e-05
think,something,1.0
team,dress,1.0
use,tablet,0.035602191671747434
jump,dune,-0.0008380458236286367
pose,concert,0.00037758766491040855
stun,carpet,0.19908481829022392
capture,image,0.06693648117259003
walk,mural,0.00021310483983078083
relax,home,0.046874429345999585
fold,background,0.34943421098794625
retrieve,ball,1.0
make,snowman,0.0544782248373094
walk,carpet,-0.0003229761254357563
applaud,performance,0.08441779759191743
participate,festival,0.12098333244534314
take,street,-0.0035041924059139853
sail,harbor,0.02299388354364777
be,side,0.03357468680212554
wear,beard,0.015236520687755006
ripen,tree,0.28833020357437605
launch,show,1.0
return,home,0.008442290218383545
shave,face,0.23348903918859343
perform,game,-0.0016751833537301892
turn,vigil,0.026511763406972706
get,worm,0.018520335097791128
react,tournament,0.027778331778442824
laugh,background,0.047845439969689076
hold,actor,0.0007458770300757369
prepare,season,0.010241045142683817
play,son,0.0005099005261446087
bike,street,1.0
slide,base,0.0923202221039188
stick,road,1.0
drip,tap,1.0
go,forest,0.00012696836742110966
wade,road,0.006703496230276257
dazzle,dress,1.0
tie,harbor,0.2732144190950494
crack,egg,1.0
chain,post,0.6146376427504392
look,conference,0.00719127830655489
enter,stadium,0.09285345907874576
look,one,0.0004688561912597682
rest,table,-0.0008773009513620961
break,pass,0.07360083602639311
leave,tree,0.005658944521982866
watch,run,0.105749718342901
talk,politician,0.014541315850013285
consult,patient,1.0
send,ball,0.00964357467656771
wow,crowd,0.17203411895410645
look,award,0.007828686673785636
perform,night,0.013010934070094387
walk,lobby,0.0004255351167969731
speak,megaphone,0.01699133045509563
look,jeans,0.019732781596331597
raise,eye,0.008047303732959839
carry,kayak,0.008956456250542262
compete,team,-0.0012820875347859626
lead,group,0.09746465316304276
back,player,1.0
jump,river,0.001962718338671208
carry,fish,0.0016161302639864591
slice,tomato,0.35048645474902446
look,sweater,0.004933195399082899
fly,top,0.04397062095127829
hit,triple,0.0067964485131863485
whip,hair,1.0
stand,anthem,0.001630265148308496
serve,dish,0.01796623100265454
lie,windowsill,-0.0003994651797744648
stain,window,0.3609476521385888
talk,desk,0.001964961680577676
deteriorate,vine,1.0
jump,rope,0.0032273312889373844
listen,class,0.036478208996669856
rest,meadow,-0.000543595612284698
greet,audience,0.013134035177115902
pick,apple,0.054498449100281565
hit,rock,-0.0006118674039785627
visit,area,0.19573246602213423
picture,premiere,0.04444122276058096
cast,set,0.4090391960979584
get,show,0.021697708490067847
type,phone,0.23638991642219967
stop,person,0.1627070312630359
speak,student,0.011033375575889313
turn,color,0.06028835729946404
perform,taping,0.0025877348655636554
don,gown,0.32324758408195203
take,cup,0.009221597411956101
hit,city,0.0036520887959169968
fly,city,0.0029168267051922596
return,harbour,0.021113282815974518
watch,team,0.015499063368159467
fight,match,0.007134479314248743
choose,fruit,0.04660742641501332
steal,base,0.04864914358922613
see,daughter,0.0041081604180578605
play,bubble,0.002497502011930887
stain,glass,0.6390523478614112
create,poster,0.6079611796791613
step,carpet,0.5891602399919867
train,training,0.6329439867251786
cuddle,park,0.27976777772814637
move,peak,0.030197211167507426
jog,city,0.0016285646342672033
hold,banner,0.0034607342552396415
stand,mirror,0.0014295595562551604
sit,sun,0.0008661164324471075
gallop,grass,0.024699389125881894
sit,audience,-0.00014409412805786118
head,field,-0.0027980539400973697
see,session,0.005720840948038825
leave,stage,0.01943492867915665
feed,baby,0.0056513348013322905
fall,floor,0.06311552139798567
fly,flower,0.004186844533082066
attend,meeting,0.03685921639623004
attend,festival,0.008880390202423358
face,game,0.18139125615633309
grab,money,0.1389372337596545
walk,rail,0.002553210700781838
accompany,person,1.0
work,person,0.031394443077350384
demonstrate,sign,1.0
paint,studio,0.0164816463144996
sniff,something,0.3845677407130492
go,stadium,0.0078155982526162
work,drill,0.10577820506054593
light,flare,0.11611692628916362
arrive,summit,0.025354642366057705
write,message,0.015572632461507913
play,event,-0.000977730731906581
hold,letter,0.0008088018761148448
show,award,0.006320613967130708
arrive,platform,0.020856399111278724
attend,parade,0.010454623108759314
cover,moon,0.04353447630587399
be,jacket,0.05123329815971002
show,beach,-0.006196602330279097
post,photo,0.3859072212392391
rise,tree,-0.0019367297432194282
travel,train,0.033416540716972254
hold,card,0.0004210893669188044
console,woman,1.0
perform,performance,0.0023072868793754513
pull,beach,0.0001570449159775491
display,sign,0.1939945044186711
travel,boat,0.014467754414384951
greet,supporter,0.015205968544163423
fall,storm,0.06889170356716914
win,time,0.018891715840995166
drift,sky,0.1284385972065184
take,road,-0.003002299025755022
shake,wind,0.014846688953422366
dress,shirt,0.07841661670477358
depart,beach,0.05126760521220631
keep,eye,0.15932945253409797
return,kick,0.009563984640737887
look,festival,-0.0001244340935420979
stand,site,0.0008061110432461935
shoot,person,0.003044067698466548
stand,refrigerator,0.0024453977224627443
leave,studio,0.021713560981760194
park,driveway,0.2101424959246277
fly,night,0.013894024846582434
drive,highway,0.014913755748947993
read,story,0.037947532713942404
stand,railing,-0.0004180139796775331
break,egg,0.029703974886100146
attend,afterparty,0.03685921639623004
choose,flower,0.02163696736252172
win,race,0.047065069432442076
attend,evening,0.024040698839511376
snake,forest,1.0
address,person,1.0
rush,lobby,0.2517823854877672
pose,photo,0.00041843387837654176
keep,watch,0.2754197727767402
ride,highway,0.005356601245903674
wash,beach,-0.004764325479918765
react,pitch,0.022791342544538525
paint,window,0.018334611990447322
serve,tournament,0.047580317374153094
come,station,0.09976523898966835
arrive,reception,0.011322297671803368
descend,stair,1.0
pose,character,0.013297063334559439
float,wind,0.010113881020145404
lean,desk,0.0012359457071594066
exercise,treadmill,0.08939031642240199
drop,water,0.08669991469313974
train,session,0.36705601327482146
release,ball,1.0
lie,suitcase,0.0011095843321751707
see,set,0.020159728874154924
gallop,beach,0.008660250880543128
travel,bridge,0.008972662405033681
show,arm,0.004458908709091017
run,quarter,0.002057912590051067
go,crowd,0.008289382668569606
sniff,flower,0.6154322592869509
appear,celebration,0.013185537459176262
attend,award,0.003884213581281021
stand,circle,0.0011268568306587316
attend,summit,0.021732925997341165
enter,lock,0.03237003212487991
wear,jacket,0.02999966372355115
call,play,0.13325472913390177
roll,peak,0.07639276286199727
speak,politician,0.015219478012998852
run,model,0.0014744142570740453
stand,puddle,0.0010068166352995291
admire,view,0.16776841884699584
pass,sky,0.0010939119350638887
take,class,0.0016312675917415263
pose,hat,0.00778828239361049
drift,ocean,0.2666526579657172
seat,bench,0.13052757799791365
go,sky,0.0009898255591115923
write,it,0.013969455588130189
dock,marina,0.03216826690357651
come,morning,0.12119720718026394
flow,tap,0.09746670500256563
play,puppy,0.00028202868604010415
apply,lipstick,1.0
fly,side,0.008454185475549977
encourage,team,0.19689133158987743
attend,rally,0.008540691132310272
talk,room,0.0038500808255847382
carry,banner,0.0032333058376517398
celebrate,ceremony,0.0033549008919365737
prepare,grill,0.05363337291001524
stand,porch,-0.000721897856416439
see,show,0.007979583188682299
speak,person,0.007486041458688603
break,tackle,0.020835119182475863
arrive,unveiling,0.009326437982918701
chain,railing,0.38536235724956075
pull,net,0.00938489235099023
receive,trophy,0.17745138833646892
grow,forest,0.05280417719822877
go,gym,0.008425641181076351
go,airport,0.0078155982526162
run,half,-0.00035761786211112914
picture,event,0.012205158328009507
perform,studio,0.0023072868793754513
approach,groom,0.1820590120528337
present,stage,0.030213975878907656
see,time,0.055987308548179265
pose,gown,0.0030724302866362856
leave,theater,0.027745624741831648
make,image,0.019897103929520175
beat,person,0.2313433870644245
hold,stick,0.0008702127681916373
pick,ball,-0.0008682838856699215
enter,reception,0.01839631745582094
talk,member,0.01046915539476788
open,show,0.010811741638462817
close,match,0.0066956197153279
move,sea,-0.0010985611622983964
take,bow,0.0030738658039853673
dock,beach,-0.004031655327457363
stand,pond,-0.00037171230817284424
perform,part,0.0025877348655636554
seem,spirit,1.0
turn,play,0.04274351925103243
lie,desk,-0.0006202286957500061
get,player,-0.001010716744292703
blow,field,-0.0009866086725818643
wave,breeze,0.01752805120322218
carry,puck,0.0022731673051335473
play,mother,0.0004760193025687641
shine,dress,0.05720451354515328
watch,player,0.013507929223544542
hover,flower,0.10045490596703073
run,morning,0.00026766866836651365
be,dress,0.031008109082746906
walk,roof,-0.00024785292922147473
sing,something,0.0032313633818550325
run,tap,0.00011328577418222684
pass,mountain,-0.00031785656871092047
glow,sky,0.2513431298528212
receive,ball,0.01702526563683109
moor,port,0.008552751887135002
perform,play,0.0006700188694616113
tow,trailer,0.405635078265944
be,dog,0.053147996065040094
display,tattoo,0.07675986289337876
kneel,anthem,0.08482714003880097
pose,shirt,0.0030724302866362856
appear,award,0.010567475533792737
chop,onion,0.052652546414466136
enjoy,sun,0.016149602924018878
beach,harbour,0.20704323304717162
carry,tray,0.005263686637414448
break,rock,0.0058635615681606286
light,tree,0.019511493497978386
arrive,party,0.009326437982918701
serve,meal,0.01963947239582634
portray,character,1.0
move,moon,0.034284728891335485
choose,book,0.027162904150926245
throw,first,0.005746199569895441
stand,actor,-0.00035535694071563617
blow,breeze,0.026870433249158148
sow,field,1.0
