verb,subject,association
abandon,person,1.0
accept,entertainer,0.4883475297540762
accept,comedian,0.3111219888039314
accept,actor,0.08659016258473659
accept,artist,0.09405501147791327
accept,player,0.019885307379342534
accompany,person,1.0
act,actor,1.0
address,person,1.0
admire,man,0.6200132644738588
admire,person,0.020420728366040083
admire,woman,0.0010870062179572427
admire,hiker,0.35847900094214386
advance,person,0.32443676694102036
advance,player,0.6755632330589797
appear,person,0.5297978837983518
appear,actor,0.4125761742863373
appear,artist,0.057625941915310966
applaud,person,0.175401304302619
applaud,player,0.41990989540299156
applaud,fan,0.29681109857125465
applaud,footballer,0.10787770172313488
apply,woman,1.0
approach,train,0.7336371688043979
approach,boat,0.0989363850261866
approach,bride,0.11336718593213087
approach,ship,0.054059260237284495
argue,player,0.7864499250912096
argue,coach,0.1420639179441666
argue,couple,0.07148615696462376
arrange,woman,1.0
arrive,person,0.00665390093129496
arrive,actor,0.25382371096997736
arrive,artist,0.07411869264160469
arrive,actress,0.10367107943332038
arrive,bride,0.028847789693632435
arrive,dancer,0.05647854111869
arrive,passenger,0.06343887455112926
arrive,boat,0.011829603323484227
arrive,character,0.0529815071760927
arrive,film,0.04753673765402339
arrive,singer,0.0363951980412677
arrive,train,0.02091473475007313
arrive,boxer,0.03171943727556463
arrive,cinematographer,0.03973613038206952
arrive,journalist,0.03973613038206952
arrive,politician,0.01906186511229997
arrive,man,-0.012259546795041782
arrive,screenwriter,0.02649075358804635
arrive,ship,0.013829347512466655
arrive,songwriter,0.01819759902063385
arrive,comedian,0.007201165621091454
arrive,composer,0.006658398050271008
arrive,dramatist,0.011559386725308131
arrive,musician,0.007412809441601881
arrive,scriptwriter,0.011559386725308131
arrive,star,0.0088871556898065
arrive,wave,0.0002742341898905881
arrive,writer,0.013245376794023175
assist,nurse,0.5821453950755493
assist,person,0.022861989692760952
assist,teacher,0.3949926152316897
attend,person,0.13143784626339108
attend,actor,0.4287530955081077
attend,artist,0.31202599998939057
attend,player,-0.014369516690027291
attend,fan,0.031116488950255247
attend,musician,0.034146779883958873
attend,politician,0.021124121730646747
attend,athlete,1.396471686352616e-05
attend,boxer,0.014982893175788933
attend,nurse,0.012540549387406808
attend,student,0.004474284439148429
attend,supermodel,0.021367500419394992
attend,team,0.0023859922256743217
back,player,1.0
balance,man,0.3913700298829021
balance,player,0.6086299701170979
bathe,person,1.0
battle,person,0.7741544274450244
battle,player,0.22584557255497553
be,person,0.4824899658436601
be,actor,0.42487792931134266
be,girl,-0.014456764674694561
be,artist,0.0450857416288175
be,dog,0.014230728095880973
be,footballer,0.07086026852989179
be,player,-0.023087868734898497
beach,boat,1.0
bear,man,1.0
beat,team,0.5029479583079195
beat,wave,0.4836148672841579
beat,person,0.013437174407922562
beg,man,0.6768525352589541
beg,woman,0.32314746474104594
bend,tree,0.4201456347013718
bend,wind,0.5798543652986281
bike,man,1.0
block,player,0.16928352210773387
block,person,0.006824416803199071
block,car,0.22167123679995773
block,tree,0.24817949067596126
block,athlete,0.10824831895641421
block,vehicle,0.12457307832700687
block,winner,0.12121993632972697
blow,girl,0.15121795766476154
blow,boy,0.2048269393396152
blow,woman,0.038242773347896365
blow,flower,0.20161310155933335
blow,grass,0.11663475184239055
blow,petal,0.14960114628697413
blow,field,0.07480057314348706
blow,flag,0.03068670908989237
blow,tree,0.03237604772564943
bob,boat,1.0
boot,person,1.0
bounce,player,1.0
bow,person,1.0
bowl,person,0.6224218169963097
bowl,player,0.37757818300369034
break,wave,0.5813286359673931
break,sun,0.3753172531468704
break,player,0.06332240734538076
break,person,-0.01582056208773682
break,hand,0.01014988536377119
break,man,-0.014297619735678665
brew,witch,1.0
bring,person,0.2307669420288876
bring,player,0.5259103141045682
bring,athlete,0.24332274386654415
brush,girl,0.7639084827371905
brush,woman,0.2360915172628094
build,child,0.9253939117361752
build,man,0.07460608826382475
bump,person,1.0
burn,car,0.8504491668287723
burn,candle,0.1495508331712278
buy,woman,1.0346552994523446
buy,person,0.01652313157932574
buy,man,-0.051178431031670156
call,person,0.9595273883516042
call,player,0.04047261164839588
canoe,person,1.0
capture,person,1.0
carry,man,0.088869869248275
carry,woman,0.04275941472251689
carry,person,-0.06831348430520064
carry,mother,0.42478751780637697
carry,girl,0.017752665351188274
carry,father,0.4474014228287763
carry,player,-0.03416867627692982
carry,boy,-0.012490097946594976
carry,athlete,0.01334132217518348
carry,soldier,0.018422658271483924
carry,team,0.008728096541978316
carry,bride,-0.0036072216572680072
carry,groom,0.02406088313975037
carry,student,0.0066880993345470145
carry,dog,-0.010471369657115249
carry,member,0.023344788729397263
carry,protester,0.012894111693634714
carve,woman,0.628864717777201
carve,sculpture,0.371135282222799
cascade,water,1.0
cast,actor,0.5506293582201761
cast,fisherman,0.45871807393463593
cast,man,-0.009347432154812122
catch,player,0.929653254503151
catch,person,-0.020077934445022077
catch,man,-0.03864172955633189
catch,dog,0.049282395946919154
catch,footballer,0.054575527542198576
catch,athlete,0.001965562443519641
catch,goalkeeper,0.023242923565565413
celebrate,player,0.5678461232551528
celebrate,person,-0.005186346609877947
celebrate,footballer,0.11673383574443402
celebrate,athlete,0.07601690535935952
celebrate,coach,0.10101441043153288
celebrate,fan,0.10328079349688161
celebrate,team,0.039411890467301286
celebrate,friend,0.000882387855215758
chain,bicycle,1.0
change,person,0.10357017860747483
change,player,0.2712056567539567
change,tree,0.6252241646385686
charge,car,0.9884771603816285
charge,person,0.011522839618371595
chase,player,0.5824577144740845
chase,athlete,0.41754228552591555
check,woman,0.6908764508061312
check,person,-0.011197306600087293
check,girl,0.05264111473092885
check,man,-0.05205685060069194
check,doctor,0.3197365916637192
cheer,person,0.5803529894583062
cheer,fan,0.4196470105416939
chew,cow,1.0
chip,person,0.21538106870256093
chip,player,0.48067410646665243
chip,golfer,0.30394482483078666
choose,woman,0.8272239827537129
choose,man,0.043265379840386364
choose,girl,0.004503659435955206
choose,student,0.1250069779699455
chop,person,0.18694061895866454
chop,man,0.2166942137876301
chop,woman,0.012541329157532673
chop,chef,0.5838238380961727
clap,person,1.0
clash,fan,1.0
clean,woman,0.6343190683876022
clean,man,0.3879824348760211
clean,girl,-0.022301503263623276
clear,man,0.43319912387912884
clear,player,0.6122302566521608
clear,girl,0.10004006982879411
clear,woman,-0.016312860596717656
clear,person,-0.12915658976336614
click,person,1.0
climb,man,0.2216351553589021
climb,girl,0.2825043936330284
climb,woman,0.03896712170414275
climb,person,-0.07824145652018717
climb,boy,0.15257254484798285
climb,species,0.2574574321857823
climb,child,0.07298680763875662
climb,couple,-0.001009238800353496
climb,ant,0.0531272399519456
close,man,0.7990955380104899
close,person,0.1192563855104895
close,woman,0.12768103394947797
close,player,-0.04603295747045756
coach,player,1.0163543627797498
coach,person,-0.0163543627797497
coat,snow,1.0
collaborate,student,1.0
collect,person,0.19829228409649702
collect,child,0.24495102260717824
collect,bee,0.525373350726994
collect,woman,-0.02012852812796722
collect,artist,0.05151187069729805
collide,player,1.0
comb,girl,0.6768920685133465
comb,woman,0.01451978828516855
comb,hairdresser,0.308588143201485
come,person,0.20568615507828134
come,player,0.07319939449851542
come,ferry,0.3749890947866301
come,sun,0.09577291813061174
come,team,0.08011098686878838
come,train,0.09547676746470803
come,wave,0.07476468317246487
comfort,man,1.0
communicate,person,1.0
compete,person,0.43815605174840494
compete,player,0.24503427043989023
compete,athlete,0.25856678092276175
compete,footballer,0.05824289688894305
congratulate,player,0.6037718859512899
congratulate,coach,0.3962164037791291
congratulate,person,-0.03285004034455674
congratulate,team,0.03286175061413768
connect,athlete,0.3098234724255536
connect,bridge,0.6901765275744465
console,man,1.0
consult,doctor,1.0
cook,man,0.3573111115003424
cook,woman,0.1936713796921644
cook,food,0.41364468855595166
cook,person,-0.05255439551236346
cook,chef,0.08792721576390487
cool,person,1.0
count,hand,0.8312479856262013
count,man,0.18923786727091244
count,woman,-0.020485852897113778
cover,woman,0.3464042652557743
cover,girl,0.09429589326584807
cover,cloud,0.5684325277136829
cover,person,-0.039428734366360754
cover,man,-0.045890671442588724
cover,tree,0.07618671957364417
crack,hand,1.0
crash,wave,0.9906215850459112
crash,water,0.02019465295122281
crash,person,-0.010816237997134043
crawl,person,0.1260898673558707
crawl,baby,0.5499142646166161
crawl,girl,0.072385819259099
crawl,species,0.25161004876841414
create,person,1.0
cross,person,-0.014515782902948925
cross,man,0.02491671570306063
cross,woman,-0.005308785043098237
cross,child,0.24117985964171507
cross,girl,0.017266468801310542
cross,car,0.3898962044511438
cross,train,0.1774496269298315
cross,cloud,0.05596431557843498
cross,lady,0.026967682281046502
cross,athlete,0.008978054797120806
cross,businessman,0.012606352066249075
cross,couple,-0.0068893738070961935
cross,actor,0.0010444627462387914
cross,player,-0.031167774528921294
cross,arm,0.042779179521492995
cross,crowd,0.04918453998391325
cross,boat,-0.006137299469160235
cross,bride,-0.0031985365818140623
cross,cyclist,0.027992991561383435
cross,boy,-0.009008901729902288
crowd,person,1.0
cruise,boat,1.0
crush,wave,1.0
cuddle,couple,1.0
cut,woman,0.4909265771580793
cut,man,0.19243791101093938
cut,person,-0.06509528206031583
cut,tree,0.23819293665871555
cut,hand,0.09666757670007081
cut,girl,-0.037449782238864346
cut,chef,0.03010237501510232
cut,hairdresser,0.05421768775627279
cycle,man,1.0414754859850637
cycle,person,-0.04147548598506371
dance,person,0.32923661823452477
dance,girl,0.05310413012855563
dance,woman,-0.027804354031245305
dance,man,-0.04284828789744191
dance,couple,0.13473524674234608
dance,friend,0.2777668512029711
dance,beach,0.23199873323106107
dance,family,0.046935952924711144
dance,actor,-0.003124890535482594
dazzle,person,1.0
decorate,woman,0.24938578601352945
decorate,girl,0.33873918715030893
decorate,person,-0.011831368943145083
decorate,child,0.18688774102364025
decorate,man,-0.05500463883610801
decorate,house,0.2918232935917745
defend,player,1.0268789347269627
defend,person,-0.026878934726962553
deflect,person,1.0
deject,player,1.0
deliver,player,1.0
demonstrate,hand,1.0
depart,actor,0.24952072573055137
depart,train,0.33888750241878335
depart,boat,0.13778836108594547
depart,ship,0.27380341076471987
depict,painting,1.0
descend,bride,1.0
deteriorate,grape,1.0
dip,person,1.0
direct,person,0.21513150922365612
direct,player,0.4845036172893319
direct,coach,0.0968958776782795
direct,film,0.2034689958087324
disembark,passenger,1.0
display,person,0.19140215777358371
display,fan,0.4642092368349402
display,woman,0.027706644809349593
display,tree,0.31668196058212644
dissolve,cloud,1.0
dive,person,0.34229995779511463
dive,player,0.5358235034164799
dive,man,0.12187653878840542
dock,boat,0.6051779332353631
dock,ship,0.35355641273227156
dock,yacht,0.04126565403236542
don,person,1.0
drape,flag,1.0
draw,boat,0.4034150003192473
draw,hand,0.5405829950144818
draw,person,0.05600200466627094
dress,man,0.47237139270045825
dress,girl,0.6024563093839403
dress,person,-0.0021726292251874908
dress,woman,-0.07265507285921109
drift,cloud,0.8308348096916071
drift,boat,0.16916519030839286
drink,girl,0.6566821030070402
drink,person,0.3433178969929598
drip,water,1.0
drive,man,0.13180708641513272
drive,person,-0.018219769070494357
drive,woman,-0.030735496146039452
drive,girl,-0.013423703715058088
drive,car,0.1641292341343462
drive,child,0.03292923110204316
drive,actor,0.05340454921574236
drive,boy,0.008875903120686252
drive,businessman,0.06916287132086685
drive,couple,0.025548084639867626
drive,motorcycle,0.19926382005946072
drive,businesswoman,0.0898187200844695
drive,fisherman,0.07206973924958948
drive,truck,0.09214817679030797
drive,vehicle,0.07589626429954077
drive,cowgirl,0.04732528849953816
drop,person,0.43105008268800593
drop,strawberry,0.5567061070262744
drop,player,0.012243810285719657
dunk,player,1.0
dye,person,1.0
earn,person,1.0
eat,girl,1.0
edge,player,1.0140450600754811
edge,person,-0.014045060075481066
embrace,couple,0.7339541221953686
embrace,man,0.10736909509817531
embrace,mother,0.11380641272509304
embrace,woman,-0.030609154814247325
embrace,player,-0.007485160092264211
embrace,girl,-0.0220590519616042
embrace,friend,0.0462052100604699
embrace,groom,0.058818526789008965
emerge,train,1.0
encourage,person,0.47589922601251966
encourage,coach,0.5241007739874805
enjoy,person,0.8387718017782708
enjoy,girl,0.2865459305850344
enjoy,man,-0.01816559276370426
enjoy,woman,-0.06185048430121319
enjoy,child,-0.004380896841229433
enjoy,couple,0.0010749947148772977
enjoy,player,-0.04199575317203539
enter,person,0.18000932543125892
enter,bride,0.36975771771079047
enter,player,0.0784537048441136
enter,boat,0.12196498680241098
enter,surfer,0.17341932079898437
enter,ship,0.03812720747135369
enter,team,0.01631772727757356
enter,train,0.02195000966351445
entertain,person,0.25029923732274106
entertain,artist,0.7497007626772588
evade,person,0.49859020693875394
evade,player,0.5014097930612462
exercise,man,0.8794817107102925
exercise,player,0.16235158469037783
exercise,woman,-0.04183329540067037
exit,bride,0.9937795746988048
exit,person,0.006220425301195042
expect,woman,0.6498678188037459
expect,couple,0.3501321811962542
explain,man,1.0
face,player,0.6262217991834159
face,team,0.373778200816584
fall,tree,0.6326732496740382
fall,person,0.03670374393368655
fall,player,0.02218792931924621
fall,species,0.10737282247473444
fall,surfer,0.11634973892552312
fall,water,0.08471251567277148
feed,woman,0.24733103507850396
feed,father,0.5989577731460489
feed,person,-0.05163621724482906
feed,girl,0.00822747306253901
feed,boy,0.06193546113051604
feed,mother,0.10097863077977845
feed,parent,0.03420584404744282
fetch,dog,0.8964667047388156
fetch,woman,0.10353329526118428
fight,person,0.5064400973655507
fight,player,0.003099383917727417
fight,athlete,0.08163922379875857
fight,footballer,0.11905522376640315
fight,boxer,0.13685153787918466
fight,crew,0.08828772320091478
fight,firefighter,0.0646268100714606
fill,person,1.026267194490586
fill,man,-0.01512065540363599
fill,woman,-0.01114653908694981
fire,player,1.0
fit,hand,1.0
fix,woman,0.14784293878747173
fix,fisherman,0.7572046610251112
fix,man,0.09495240018741703
flap,species,1.0
flaunt,actor,1.0
flex,man,1.0
flip,woman,0.7759718327327878
flip,player,0.2240281672672122
float,woman,0.10333753453008096
float,boat,0.5618567397621729
float,girl,0.13897879561163104
float,person,-0.026277694844487286
float,man,-0.05082439243171357
float,duck,0.07279092370816058
float,swan,0.04853589845703271
float,umbrella,0.04506535600227652
float,cloud,0.018104591154755247
float,grass,0.03379901700170739
float,wing,0.0437391061337264
float,boy,-0.00855730092650458
float,balloon,0.009725712920580836
float,yacht,0.009725712920580836
flood,person,1.0
flop,person,1.0
flow,water,0.9178843688190271
flow,moon,0.08211563118097295
flutter,flag,1.0
fly,person,0.02286133365326452
fly,girl,0.016554278247972277
fly,bird,0.19824314917639485
fly,flag,0.1552223138853846
fly,beach,0.10490310568167004
fly,cloud,0.08818679408191298
fly,duck,0.10224592337247027
fly,seagull,0.11849792895134179
fly,balloon,0.10992569347153044
fly,boy,0.009825666654744195
fly,species,0.029641138314800922
fly,bee,0.018224291045094643
fly,child,-0.002859435343285216
fly,city,0.028527818806703586
fold,person,0.17076544033812258
fold,arm,0.8292345596618774
follow,person,0.6912587650884225
follow,fan,0.3087412349115774
form,hand,1.0
fumble,player,0.8792863402925418
fumble,person,0.12071365970745823
gallop,horse,0.6156792202990585
gallop,girl,0.07800041882833028
gallop,animal,0.21121315423906184
gallop,woman,-0.0020174721459921144
gallop,species,0.09712467877954165
gather,person,0.32566336664516676
gather,player,0.3345936774141966
gather,athlete,0.09938151562627016
gather,bee,0.1655340130115423
gather,cloud,0.044152120432009966
gather,footballer,0.030675306870814326
get,person,0.25985074645562445
get,player,0.5090331767336357
get,bride,0.1387598425977472
get,woman,-0.05336031736938016
get,businessman,0.06454243107913189
get,actor,0.03005247041078606
get,man,-0.0388531788309582
get,passenger,0.06859049320666237
get,bird,0.021384335716750785
give,man,0.5493495608340166
give,woman,0.45065043916598324
glow,person,0.32769677423077437
glow,sun,0.6723032257692257
go,person,0.15271047146799366
go,player,0.27080143050119493
go,girl,0.2110103362731966
go,boat,0.05727076739104055
go,car,0.06745654788484683
go,train,0.087654994484502
go,athlete,0.0366740993063623
go,man,-0.05773887368438088
go,truck,0.12285092856460773
go,woman,-0.056975989302395995
go,actor,0.004309189068936327
go,artist,0.008108193103540684
go,celebrity,0.0469506561914173
go,baby,0.0065502364772711515
go,cyclist,0.01856297379819308
go,family,0.0025024617835193684
go,smoke,0.02130157669015442
grab,person,0.2614581858699202
grab,player,0.39205976529000547
grab,hand,0.3464820488400743
greet,person,0.19648003537406777
greet,player,0.10754660467948683
greet,athlete,0.25397843822008
greet,coach,0.2159226752043944
greet,politician,0.15578551224956141
greet,fan,0.07028673427240961
grow,tree,0.4164117944504096
grow,person,-0.006999434423021572
grow,grape,0.17881914101051086
grow,lemon,0.18685957771115735
grow,species,0.05583930116774005
grow,tomato,0.11701814577690248
grow,flower,0.0520514743063012
guard,player,1.0
gush,water,1.0
hand,person,1.0
hang,person,0.2258275604422809
hang,girl,0.04326378906777932
hang,flag,0.20409126755907975
hang,species,0.09904572295821844
hang,woman,-0.03364114195113585
hang,monkey,0.15936375426877641
hang,bicycle,0.08607654633318289
hang,friend,0.053912066597103986
hang,lemon,0.04715434522389692
hang,pear,0.03612721125458456
hang,spider,0.02992607153887635
hang,umbrella,0.024001201005741015
hang,art,0.013372624521972331
hang,hammock,0.011478981179642692
haul,fisherman,0.6419454412853944
haul,boat,0.2592878626468367
haul,person,0.008308587893334501
haul,player,0.09045810817443434
have,person,1.0
head,person,0.24237341982008748
head,athlete,0.3262820179999464
head,player,0.0659992315021962
head,defender,0.28304666747963764
head,footballer,0.05948861537611825
head,train,0.02281004782201417
help,man,0.13332855313471198
help,person,0.0851367962170618
help,teacher,0.6475717153441353
help,nurse,0.13396293530409104
hike,man,1.0348246909519123
hike,woman,0.04450982897271785
hike,person,-0.07402085650392663
hike,couple,-0.005313663420703372
hit,player,0.49398253837176226
hit,person,0.020627726097930715
hit,wave,0.2392877509862457
hit,man,-0.04081664854558299
hit,athlete,0.05063318105517279
hit,woman,-0.03791763644187469
hit,cricketer,0.12466203397818953
hit,golfer,0.0784843568868771
hit,club,0.06233101698909477
hit,car,0.00872568062218515
hitchhike,girl,0.6789976030496966
hitchhike,woman,0.3210023969503035
hoist,player,1.0
hold,person,0.0049221611863403385
hold,woman,0.01960807352410029
hold,man,-0.006995107027892809
hold,mother,0.3622905065326807
hold,father,0.3573832426343421
hold,girl,-0.04520587980291316
hold,actor,0.09605516546877892
hold,player,-0.05295251970206359
hold,boy,-0.0045021724340437875
hold,hand,0.086449668916151
hold,chef,0.03976144922229035
hold,footballer,0.010607363329971706
hold,parent,0.03671435436303773
hold,athlete,-0.0029910877085053108
hold,coach,0.0037737321363710335
hold,doctor,0.01578711294693874
hold,fan,0.009023217988513127
hold,groom,0.02305154006511249
hold,student,0.006185500995339567
hold,bride,-0.004657211710387674
hold,businessman,-0.00332599293956633
hold,protest,0.022866440487135944
hold,protester,0.018357177181518865
hold,team,-0.0017145057506216506
hold,baby,0.0037247625343179475
hold,child,-0.010147431425257479
hold,golfer,0.006080653718777279
hold,bridesmaid,0.011433220243567972
hold,dog,-0.008198667267993075
hold,politician,0.0008986221721742758
hold,supporter,0.005716610121783986
hover,cloud,0.8306260364394437
hover,bee,0.16937396356055628
huddle,team,0.768719041832969
huddle,player,0.231280958167031
hug,person,0.20276673978574333
hug,couple,0.3414986922282747
hug,woman,-0.03610533382851904
hug,mother,0.3410859785844022
hug,bride,0.2324832582479269
hug,man,-0.07961288520564103
hug,girl,-0.04238345457538529
hug,boy,0.0060018332985138645
hug,child,0.01728900064626772
hug,player,-0.04167361010996294
hug,friend,0.058649780928379476
illuminate,light,1.0
insert,hand,1.0
instruct,coach,0.9890916298937448
instruct,player,0.010908370106255175
intercept,person,0.710414847951133
intercept,player,0.28958515204886714
jog,woman,0.5026097480852902
jog,man,0.43321590512830244
jog,couple,0.2600697642484583
jog,person,-0.10864392010115281
jog,player,-0.039205337804107204
jog,girl,-0.04804615955679084
join,player,1.0
jump,man,0.33709937193846534
jump,person,-0.05902316729797792
jump,girl,0.2563279063011378
jump,woman,0.02168198119125806
jump,boy,0.13090883529603642
jump,couple,0.09779790722115086
jump,player,-0.07890779251596167
jump,child,-0.009038629438935636
jump,silhouette,0.12777381843804264
jump,dolphin,0.10212066789085208
jump,dog,-0.02152686979104949
jump,family,0.02932289419416169
jump,friend,0.04979721850402542
jump,footballer,0.017233192049983487
jump,animal,-0.0015673339811889595
kayak,person,0.6227223720691243
kayak,woman,0.34323269737463413
kayak,man,0.03404493055624162
keep,player,0.6285298363929529
keep,person,0.15137477469228694
keep,actor,0.22009538891476021
kick,player,0.5812268092924832
kick,person,-0.010299566119291337
kick,athlete,0.2689160076402752
kick,girl,-0.010675047336066123
kick,boy,0.02727276737244592
kick,footballer,0.09302496054128388
kick,goalkeeper,0.08182421406906523
kick,man,-0.03749530053451384
kick,coach,0.0062051550743179446
kiss,couple,0.7402260105192469
kiss,man,0.0044322781359201185
kiss,person,-0.04797218626160143
kiss,girl,-0.015497497172921275
kiss,bride,0.07745072167786364
kiss,mother,0.05411501415432456
kiss,actor,0.04370131784270419
kiss,father,0.04798596503718967
kiss,groom,0.12998848861671497
kiss,woman,-0.034430112549441255
kneel,player,0.9487902202580332
kneel,woman,0.0582891431610682
kneel,man,-0.007079363419101398
knock,man,0.20175347184217013
knock,girl,0.14746644699471043
knock,boxer,0.4422119237731976
knock,player,0.03555988324502125
knock,ball,0.17300827414490064
laugh,bride,0.9413686306205852
laugh,woman,0.12520518174937353
laugh,player,0.04356248280118998
laugh,person,-0.05145112297364468
laugh,girl,-0.017653415256264494
laugh,man,-0.04103175694123953
launch,model,1.0
lay,woman,0.40799352214284973
lay,person,-0.051695743944135154
lay,dog,0.4106033988598075
lay,boy,0.04415473748045999
lay,cat,0.09894273852723307
lay,girl,-0.050324689129079954
lay,puppy,0.06827140633254027
lay,man,-0.07020324183527563
lay,animal,0.04967823538199468
lay,player,-0.04292380938248453
lay,couple,0.005231072450996745
lay,baby,0.05839878000163564
lay,kid,0.014206166219850123
lay,child,-0.00988905974328331
lay,family,0.028660857397619862
lay,mother,-0.005914063945740055
lay,fox,0.029186544088365414
lay,deer,0.01562314909664553
lead,person,0.9152569558597742
lead,man,0.08007140877990268
lead,girl,0.07347920012182489
lead,woman,-0.0688075647615018
lean,man,0.5593988558261592
lean,woman,0.0452707385482981
lean,person,-0.06062071514712037
lean,girl,0.10468529598412193
lean,bicycle,0.31100409450928157
lean,boy,0.002832756292465988
lean,actor,0.021383789306087583
lean,horse,0.018469736836157182
lean,businessman,-0.0024245521554513106
leap,person,0.05292617830778456
leap,dolphin,0.5011749495257333
leap,dancer,0.3587208890331115
leap,player,0.055080519099169965
leap,animal,0.03209746403420074
learn,student,1.0
leave,player,0.15761548063974473
leave,boat,0.2116530025192323
leave,bride,0.10406795347466309
leave,person,-0.03449375745221601
leave,ship,0.17071175509378372
leave,artist,0.04667614122264856
leave,car,0.05746320923978342
leave,ferry,0.1236129597762044
leave,train,0.07047877655824797
leave,actor,0.025505437516297975
leave,celebrity,0.06670904141160984
lie,woman,0.19454271568915027
lie,girl,0.07150608862792093
lie,man,-0.045433663790576034
lie,dog,0.30299106915436286
lie,person,-0.11462941150283264
lie,cat,0.1491384026326814
lie,boy,0.009439197574355187
lie,puppy,0.07316849795418649
lie,couple,0.02101672268382234
lie,kitten,0.0872856230138959
lie,animal,0.03288297569610187
lie,mother,0.004879746484910567
lie,family,0.040774464156805475
lie,retriever,0.055236872030370046
lie,cow,0.03724540496286146
lie,goat,0.04073006649859045
lie,player,-0.029810515964345766
lie,businessman,-0.0003496579615715475
lie,baby,0.013658660976815753
lie,child,-0.011712594996162753
lie,cheetah,0.022094748812148027
lie,pug,0.022094748812148027
lie,student,0.0028126994516687698
lie,cub,0.0088324478974789
lie,deer,0.01008469367577338
lie,father,-0.0045369447661859335
lie,friend,0.002137462252128217
lie,species,-0.002259534578048837
lie,tree,0.0017693623519983515
lie,boat,-0.003101923540552564
lie,kid,-0.00274829640541128
lie,lamb,0.0018872183976028473
lie,leopard,0.003682458135358004
lie,lion,0.001007737447194061
lie,patient,0.003682458135358004
lift,team,0.4129777904506548
lift,footballer,0.3176817374110066
lift,person,-0.020912133149937555
lift,player,0.05531444737359127
lift,woman,0.004886154519648274
lift,coach,0.18224186984426236
lift,golfer,0.047810133550774174
light,sun,0.5758373558902277
light,firefighter,0.21504734568938327
light,moon,0.15252980593127483
light,fan,0.05658549248911413
line,car,0.3442099578030631
line,player,0.08299584020336934
line,team,0.2637124180097427
line,golfer,0.22252838865591323
line,person,-0.025498793634352396
line,tree,0.06431600955525464
line,crowd,0.04773617940700926
link,bridge,1.0
listen,person,0.5074687798384686
listen,player,0.13026810566577435
listen,student,0.3622631144957571
lock,bicycle,1.0
look,person,0.6744360880907628
look,player,0.20449543576303453
look,woman,-0.09677592701531641
look,man,-0.11328626712038409
look,girl,-0.03156854052159793
look,child,0.08050746139577779
look,actor,0.16386424406652614
look,artist,0.07363545928328354
look,coach,0.09079975684731662
look,dog,-0.019068936544532934
look,athlete,0.0001857336615922813
look,boy,-0.0302283714096563
look,species,0.006870523830477054
look,doctor,0.01678189493921563
look,puppy,-0.006926712139918119
look,bride,-0.008411560327684234
look,lady,-0.005310282798896426
loom,cloud,1.0
lose,player,1.0
make,person,0.07571438832618507
make,girl,0.25938052380253906
make,woman,0.06556868600047472
make,player,0.04187120363747397
make,man,-0.07826002423773522
make,boy,0.026466234305695627
make,spider,0.3698193640069627
make,chef,0.11801447140009455
make,family,0.06623918176229095
make,hand,0.05518597099601858
march,person,0.599751128459477
march,soldier,0.40024887154052297
marry,person,0.5422644733465305
marry,actor,0.4577355266534695
meet,player,0.9657323212355658
meet,person,0.03426767876443414
miss,player,1.0
mix,woman,1.0
moor,boat,0.9850422814733756
moor,ship,0.00563351368169421
moor,yacht,0.009324204844930203
move,boat,0.30860787704527287
move,couple,0.08012891830057875
move,cloud,0.15805957129117768
move,player,0.003110548443940137
move,grass,0.09787716212063718
move,moon,0.0687508772394499
move,species,0.045794401593499595
move,athlete,0.017814808372646783
move,fog,0.0785059630685994
move,person,-0.021147311364002944
move,star,0.06525144141375812
move,wind,0.06745111189587111
move,footballer,0.010423431526533506
move,ship,0.019371199052037776
navigate,boat,0.7867098294617926
navigate,yacht,0.21329017053820745
nestle,person,1.0
nibble,cow,1.0
observe,player,1.0
offer,hand,1.0
open,man,0.44568013933865946
open,woman,0.4238464555227246
open,girl,0.1814782754340953
open,person,-0.12922502554733706
open,boy,0.012244304438025414
open,artist,0.04365206989404454
open,hand,0.02232378091978752
order,person,1.0
pace,coach,1.0
paddle,woman,0.5820547273850207
paddle,person,-0.016753569077902965
paddle,fisherman,0.45689420669437747
paddle,man,-0.02219536500149515
paint,person,0.3320073651643572
paint,flag,0.42070959829393734
paint,hand,0.21055337590611872
paint,man,-0.025522115355623112
paint,fan,0.05910209323242871
paint,artist,0.0031496827587811564
pair,person,1.0
parade,child,1.0
park,car,0.43721841351086327
park,motorcycle,0.5627815864891367
participate,person,0.016410199146734587
participate,student,0.417591638443835
participate,player,0.04431971947191756
participate,politician,0.299361166534693
participate,team,0.2223172764028198
pass,player,0.1299558131416295
pass,car,0.3629793443210032
pass,person,-0.005343694243168667
pass,train,0.3369261631914344
pass,truck,0.06124486590761306
pass,ferry,0.05776960531801203
pass,team,0.02291161317993917
pass,boat,0.007172314550500603
pass,man,-0.020755157209551976
pass,cloud,0.008219706164532976
pass,footballer,0.004546020576033495
pass,vehicle,0.01749853311646087
pass,road,0.005743942306888119
pass,traffic,0.01113092967867316
peer,child,0.9365552316843327
peer,person,0.0634447683156672
perch,person,0.09972782255132201
perch,bird,0.40436175107310895
perch,eagle,0.2574335152734504
perch,animal,0.0608165675350498
perch,monkey,0.061138525049294415
perch,species,0.027187957049527617
perch,vulture,0.08933386146824669
perform,person,0.07691128445457578
perform,artist,0.40574891743126124
perform,athlete,0.08063384715444417
perform,actor,0.0506684585239573
perform,dancer,0.08823900688653497
perform,singer,0.08219855410752601
perform,pianist,0.07700542499500357
perform,man,-0.023257978011728773
perform,woman,-0.022955958018987616
perform,songwriter,0.04411242661052423
perform,vocalist,0.04620325499700215
perform,politician,0.023913681888803197
perform,guitarist,0.022100310233754063
perform,composer,0.014414050990681219
perform,musician,0.01585030283781862
perform,player,-0.010153467198402849
perform,team,0.001278990845522283
perform,bassist,0.01026738999933381
perform,couple,-0.0033058418885736508
perform,novelist,0.01026738999933381
perform,actress,0.002589992183921761
perform,comedian,0.002256945801097227
perform,dramatist,0.004331246104318352
perform,entertainer,0.003270466364845771
perform,girl,-0.004313647551550051
perform,model,0.001724950258983374
pet,man,0.5280405387557877
pet,woman,0.3434939576546158
pet,girl,0.12846550358959646
pick,hand,0.7009835462160616
pick,person,-0.001935108820479188
pick,woman,0.05389087315710522
pick,man,0.011864513718406036
pick,student,0.2777330438255754
pick,girl,-0.02479148136688613
pick,player,-0.017745386729782875
picture,player,0.44757528299082266
picture,person,0.13473245358074107
picture,actor,0.41769226342843635
pitch,person,0.30202262842002375
pitch,player,0.4829671266657517
pitch,politician,0.21501024491422446
place,woman,0.3754066311472393
place,girl,0.08676396486313229
place,politician,0.5378294039896283
plant,man,0.28264256870835264
plant,person,0.16131584778825842
plant,woman,0.08351007295984997
plant,child,0.4725315105435391
play,person,0.4998729954775855
play,player,0.05662477111971974
play,girl,-0.0094944491854018
play,artist,0.1619397587064728
play,kid,0.1106062637973978
play,woman,-0.09118184302546431
play,boy,0.009136683979364232
play,mother,0.04255827144273751
play,child,0.016693025971209932
play,man,-0.08051667454297241
play,team,0.03321025515388503
play,guitarist,0.07712756547602038
play,footballer,0.027835007764713936
play,athlete,0.002125723870630107
play,composer,0.05031582841499042
play,father,-6.470324152279254e-05
play,parent,0.03050920451532929
play,beach,0.020393527435929204
play,elephant,0.025291512242461726
play,hand,0.003806759905622246
play,couple,-0.011121710126081888
play,friend,0.007537181677119671
play,toddler,0.007390227014268929
play,animal,-0.004088002955526298
play,family,0.00022753683959036183
play,musician,0.010809620515169895
play,brother,0.005910497257884295
play,actor,-0.003753230473051857
play,golfer,0.0002983949719183007
plough,farmer,0.589096944058551
plough,tractor,0.410903055941449
plow,farmer,0.694725632178552
plow,tractor,0.30527436782144796
point,man,1.0498351917140414
point,person,-0.0498351917140413
portray,actor,1.0
pose,person,0.13088410972363929
pose,actor,0.2581084571171913
pose,player,0.043341503991711466
pose,artist,0.07192620254241545
pose,coach,0.09058670769312235
pose,athlete,0.05689176084037931
pose,model,0.07270679970471061
pose,team,0.03249478735005371
pose,comedian,0.06878453842569524
pose,teacher,0.04802740313757127
pose,competitor,0.05523281167567702
pose,footballer,0.019354569437090612
pose,fan,0.017058862612284436
pose,winner,0.03911873578715166
pose,woman,-0.018043589839820014
pose,scriptwriter,0.009477390767915927
pose,singer,0.004048949033210223
post,person,1.0
pound,wave,1.0
pour,girl,0.09881481405044999
pour,woman,0.027769196239394764
pour,man,0.015503943955849944
pour,person,-0.029888782256745208
pour,water,0.39374027353991026
pour,bartender,0.2470302772355701
pour,honey,0.2470302772355701
practice,player,0.9834088444129355
practice,woman,0.01659115558706456
praise,player,1.0
prepare,player,0.34488216955866785
prepare,team,0.46144830623443234
prepare,woman,-0.006236620882818191
prepare,girl,-0.01337001619328031
prepare,man,-0.03672342563572892
prepare,person,-0.04922209293377332
prepare,fisherman,0.1137947965295525
prepare,food,0.12634556635494873
prepare,chef,0.059081316967999495
present,model,0.5793492416825636
present,person,0.028302739418273656
present,actor,0.21125163891019808
present,athlete,0.13045204299610183
present,artist,0.050644336992862755
propose,person,1.0
protect,player,1.0
pull,man,0.18786963194733255
pull,person,-0.03123002711978911
pull,boat,0.38208018022064344
pull,girl,0.018433186322801328
pull,woman,-0.05093449410649299
pull,fisherman,0.28088152857975085
pull,player,-0.0229113627958161
pull,father,0.04792701492274001
pull,firefighter,0.18788434202883003
pump,woman,1.0
punch,player,0.3311194967091536
punch,goalkeeper,0.6688805032908465
punt,player,0.8591458355907352
punt,person,0.14085416440926485
pursue,person,1.0
push,player,0.20472479121506032
push,man,0.055969287174817216
push,person,-0.04164501927607008
push,woman,-0.012379620772958256
push,doctor,0.3733422163875766
push,nurse,0.27686650712899674
push,father,0.06087543252717415
push,fisherman,0.09054207048523635
push,boy,-0.008295664869832967
put,person,0.1728405645951125
put,woman,0.06022557078923497
put,man,-0.03698376279043056
put,golfer,0.2917115064921855
put,groom,0.31851823239413757
put,businessman,0.10211703219538626
put,girl,-0.028046603694020202
put,hand,0.07375702769459375
put,doctor,0.04586043232380009
race,car,1.0
raise,man,0.22362058728076448
raise,player,0.14223903331218338
raise,person,-0.07799674553355342
raise,woman,-0.04660765138959659
raise,hand,0.3555153884069818
raise,businessman,0.2325036204699069
raise,girl,-0.04264374008033961
raise,actor,0.06432163697974942
raise,arm,0.15860586860221693
raise,child,0.0039019973587882803
raise,boy,-0.013459995407101513
reach,person,0.17183197447127402
reach,player,0.31535004027838465
reach,wave,0.4264310169476979
reach,man,-0.042797849443547926
reach,athlete,0.18270000089291075
reach,woman,-0.05351518314671926
react,player,0.46742579434739345
react,coach,0.25403076807635
react,fan,0.2908921900799869
react,person,-0.030085865049344206
react,athlete,0.01773711254561391
read,man,0.07608921920039671
read,student,0.6370781041275334
read,person,-0.01379017757944062
read,woman,-0.028163550704140016
read,girl,-0.005225887420519642
read,teacher,0.29150417951138724
read,boy,0.012780248345314165
read,father,0.0051621722075774115
read,guy,0.02456569231189127
ready,player,1.0
receive,person,0.14456942598128011
receive,actor,0.33642222977211916
receive,player,0.09990662369161718
receive,team,0.41910172055498357
recline,woman,1.0
relax,man,0.7662380488928152
relax,woman,0.12176096687606272
relax,couple,0.19258917218652666
relax,person,-0.08058818795540462
release,person,1.0
repair,man,1.0
rest,person,0.135000019626529
rest,woman,0.15704393486634513
rest,man,-0.0227897426112302
rest,dog,0.25163741283859126
rest,animal,0.11500304948489265
rest,boat,0.060047614340443985
rest,cat,0.1054686508684066
rest,couple,0.003912490550218502
rest,girl,-0.04300517832718574
rest,bird,0.06066396038773285
rest,cow,0.045106084088744586
rest,lion,0.06543905278231343
rest,seagull,0.024513022998832935
rest,seal,0.033556683172441655
rest,bear,0.009889374134847412
rest,species,-0.0014864292019243232
retrieve,person,1.0
return,player,0.8434558582507775
return,person,0.14660663287282075
return,boat,0.00993750887640177
reveal,model,1.0
ride,person,0.2627602826321869
ride,man,0.3871021690555659
ride,girl,0.012608124800466677
ride,woman,-0.08744593266688237
ride,couple,0.08137995090912141
ride,fisherman,0.12439040042676952
ride,actor,0.020389009679745478
ride,boy,-0.011819671419073694
ride,car,0.041450602612626265
ride,cyclist,0.09360097109574296
ride,motorcycle,0.07558409287373101
ripen,peach,0.5238935056819066
ripen,tomato,0.33162557306114493
ripen,grape,0.14448092125694836
rise,sun,0.5249167324449135
rise,moon,0.3695702073169394
rise,galaxy,0.06800701358203314
rise,building,0.019430575309152327
rise,smoke,0.018075471346961504
roam,horse,1.0
rock,boat,1.0
roll,wave,0.6380164968135504
roll,person,0.07589485838183704
roll,dog,0.09742542289357105
roll,cloud,0.18866322191104162
roost,species,1.0
rotate,person,1.0
rub,person,1.0
run,man,0.17351701973495065
run,person,-0.185746175587224
run,woman,-0.04093022236767934
run,girl,0.16114067359514012
run,boy,0.2204714948752173
run,child,0.2353926014704008
run,player,-0.09341956745110533
run,kid,0.13851105246872422
run,dog,0.011515340733660262
run,couple,0.02116315000679829
run,horse,0.10514246852044523
run,animal,0.036910524021072526
run,athlete,0.012016863734160475
run,team,0.03710318250148747
run,mother,-0.019844172932377155
run,businessman,0.003030631642019357
run,puppy,0.0011119158465609496
run,toddler,0.05776177810511119
run,train,0.008602528458992068
run,water,0.01707258622896809
run,foal,0.040726418777376004
run,bride,-0.012306245380685915
run,car,-0.007032303920552827
run,football,0.027150945851584004
run,family,-0.0015665619696177766
run,footballer,-0.003223087015630435
run,species,-0.006042319265855494
run,wolf,0.01945290720632371
run,cat,-0.007622407622417476
run,road,0.014705456327620074
run,brother,0.011606246121013544
run,midfielder,0.009803637551746716
run,fox,0.005267943490662239
run,friend,-0.0006849650986299003
run,shortstop,0.010181604694344001
run,artist,-0.006743582784805035
run,dress,0.006787736462896001
run,beach,-0.000985097030694865
rush,person,0.07779836892033899
rush,player,0.23577038115125137
rush,wave,0.6864312499284096
sail,boat,0.9564603783143243
sail,person,-0.020217787440565616
sail,ship,0.05406121426459447
sail,man,-0.014630354354506875
sail,fisherman,0.02432654921615372
salute,player,1.0322696071194946
salute,person,-0.03226960711949453
save,player,0.847532712402693
save,person,-0.007539896527135805
save,goalkeeper,0.16000718412444284
saw,person,0.8905990692362863
saw,man,0.10940093076371367
score,player,0.6460105720712795
score,person,-0.002508184483641948
score,athlete,0.05018049173056237
score,team,0.06558442620793692
score,footballer,0.028554130105861046
score,teammate,0.0848714257472008
score,winger,0.0848714257472008
score,striker,0.0424357128736004
scramble,player,0.9569091985168166
scramble,person,0.04309080148318342
scratch,man,1.0
scream,man,0.8760284996323645
scream,woman,0.12397150036763555
seat,woman,0.36444016205715785
seat,couple,0.5273192875846135
seat,man,0.08580276833809776
seat,girl,0.022437782020130744
see,person,0.8269539696480583
see,player,0.21874752713832232
see,woman,-0.05317649495386744
see,actor,0.007474998167486852
seem,person,1.0
sell,woman,0.6315468407521149
sell,man,0.26870254257149695
sell,girl,0.0997506166763882
send,person,1.0
serve,player,0.8605019799770536
serve,person,0.15226041600710755
serve,woman,-0.04288870752337415
serve,chef,0.03012631153921305
set,sun,0.7669761200266888
set,player,0.14615370649861723
set,woman,0.0134640679520068
set,fan,0.07340610552268709
shake,girl,0.07003644397997211
shake,woman,0.008275718103693043
shake,actor,0.1520147563355743
shake,businessman,0.17526193391924158
shake,species,0.20411067787795736
shake,man,-0.027485340382945863
shake,politician,0.2205131953645909
shake,hand,0.04763405374674215
shake,wind,0.1177140403193727
shake,dog,-0.0021326902308056147
shake,flower,0.04967059881970337
shake,player,-0.015613387853095953
shave,man,1.0
shine,sun,0.6118180427862078
shine,star,0.3643179784391304
shine,person,-0.010390543117406921
shine,actor,0.034254521892068714
shoot,player,0.8294100177684501
shoot,person,0.11418094207628049
shoot,athlete,0.056409040155269354
shop,person,0.4226035427686926
shop,woman,0.5773964572313074
shout,coach,0.40922846465153745
shout,footballer,0.2262867064216436
shout,protester,0.3667579255723267
shout,girl,-0.0022730966455076804
show,person,0.1624751093499744
show,man,0.07661942129345069
show,woman,-0.05713075258683064
show,girl,-0.019691205988464883
show,actor,0.1381209887167134
show,businessman,0.16736707133454812
show,fan,0.19270959413895805
show,artist,0.03370188017411219
show,athlete,0.031890979634991115
show,boy,-0.006838176506252899
show,hand,0.056439095985688144
show,model,0.11994026011610698
show,tree,0.09057846103580114
show,team,0.013817273301204133
sign,person,0.14430468417959827
sign,student,0.8556953158204018
sing,person,0.36169578988890083
sing,artist,0.6128184005259593
sing,woman,0.019525001899426304
sing,girl,-0.024571858561854322
sing,fan,0.014589667412490803
sing,musician,0.012985164095928597
sing,student,0.002957834739148538
sit,woman,0.2137651024187332
sit,man,0.13648053732414314
sit,person,-0.20936812902003746
sit,girl,0.10467434600598556
sit,dog,0.16523517433752094
sit,boy,0.06107988454234674
sit,child,0.0653155370707823
sit,mother,0.052428921689207576
sit,puppy,0.05658115792311937
sit,kid,0.04174145015349006
sit,animal,0.055303006246332664
sit,couple,-0.010988962433618306
sit,lady,0.05823926632439556
sit,businessman,0.034418606572643486
sit,cat,0.03937597938420319
sit,father,0.015910382299367046
sit,bride,0.017642903991035058
sit,guy,0.04563155563687764
sit,family,0.00720097286822704
sit,kitten,0.012189032054302908
sit,teenager,0.02050351823905455
sit,baby,0.009114338546334831
sit,businesswoman,0.015228229261661317
sit,student,-0.0008107693586430038
sit,player,-0.02951629710561207
sit,species,-0.005355469410044465
sit,bird,0.005089452614657465
sit,rabbit,0.012897784469727537
sit,soldier,-0.002014540813321914
sit,goat,0.00362322855296232
sit,boat,-0.01036783689019485
sit,hiker,0.004499905651182793
sit,tourist,0.006298041312805678
sit,actor,-0.00816002288327787
sit,lion,0.004294852291775894
sit,bear,0.002781430932110987
sit,cub,0.002120605256107277
sit,fox,0.003321364823585007
sit,friend,-0.0013272464381693428
sit,pilot,0.00429926148990918
sit,camel,0.0032244461174318843
sit,car,-0.004099325354485405
sit,passenger,4.073593038348573e-05
sit,seal,0.0023167792290354158
sit,surfer,0.0003646962652678976
sit,train,-0.0031429742566649126
sit,bee,0.0003679382754518192
sit,cow,-0.0012408608392459608
sit,fisherman,-0.0015645972892304285
sit,squirrel,0.00214963074495459
sit,stork,0.00214963074495459
sit,team,-0.003147360740688619
sit,tractor,-0.00015544575332389007
sit,eagle,0.00025373055695670794
sit,eye,0.001074815372477295
sit,frog,0.001074815372477295
sit,grasshopper,0.001074815372477295
sit,statue,0.0006642729647170014
sit,teacher,-0.0007822986446152142
skate,player,0.5025145933198464
skate,athlete,0.4731530891869889
skate,person,0.024332317493164703
sleep,man,0.2892268222480201
sleep,girl,0.3156395199187994
sleep,woman,0.022811175953903612
sleep,student,0.39973652458460457
sleep,boy,0.012544619280987308
sleep,person,-0.06017676388189464
sleep,cat,0.027146124845524724
sleep,couple,-0.006928022949945112
slice,chef,0.5502344073451693
slice,hand,0.3828482237481512
slice,woman,0.06691736890667956
slide,player,1.0083244276532481
slide,person,-0.00832442765324814
smash,player,1.0
smell,woman,0.6227946653816746
smell,girl,0.2539898530681381
smell,man,0.12321548155018723
smile,woman,0.1358764897966797
smile,player,0.3482899698712674
smile,person,-0.0902359312740487
smile,girl,0.12242562180870836
smile,man,-0.08366673708318907
smile,actor,0.17630277770370528
smile,boy,0.026665311632641235
smile,footballer,0.19851356096562378
smile,bride,0.062371139309972075
smile,coach,0.10345779726863982
snake,person,1.0
snap,person,1.0
sniff,girl,0.591863655392126
sniff,dog,0.4081363446078739
sow,tractor,1.0
sparkle,actor,1.0
speak,player,0.254576967170366
speak,person,-0.008207046941106603
speak,man,0.022241434174843963
speak,girl,0.027738377042804525
speak,coach,0.25847762399586577
speak,woman,-0.06743143257647133
speak,businessman,0.09637605686485005
speak,doctor,0.19270130654220866
speak,politician,0.18001400700268158
speak,athlete,0.04351270672395743
speed,man,0.31544562360895373
speed,car,0.6845543763910462
spin,player,0.7183268635325109
spin,man,0.09324972158102567
spin,person,-0.0011990785240994582
spin,spider,0.18962249341056292
splash,water,0.48747304975482453
splash,girl,0.05569779166220515
splash,woman,0.014985652234735665
splash,man,-0.0022449984191984127
splash,elephant,0.3258462765047309
splash,boy,0.050217116911846965
splash,wave,0.06802511135085526
spot,actor,0.8203488431050489
spot,player,0.19572814290207957
spot,person,-0.016076986007128504
spray,art,0.5174307170587061
spray,elephant,0.43225474341060316
spray,woman,0.050314539530690816
sprinkle,tractor,1.0
stain,person,1.0
stand,woman,0.29503551203082506
stand,man,0.22362372620365464
stand,girl,0.4421985074069675
stand,person,-0.1485558123108425
stand,dog,0.08875247390475598
stand,boy,0.0077166399634046225
stand,child,0.02590094325508297
stand,player,-0.1292187677567481
stand,puppy,0.11392245763649703
stand,couple,-0.02340829741045511
stand,animal,0.011530311197695408
stand,businessman,0.0020086485405035
stand,father,-0.007334624060556727
stand,bride,-0.008780501705823809
stand,horse,0.0156485256699675
stand,soldier,0.014965255002676802
stand,mother,-0.02326246517724695
stand,family,0.006668515261875882
stand,cow,0.018065457489463005
stand,lady,-0.005626862695014151
stand,student,0.001952668716048296
stand,worker,0.02504949318181973
stand,bear,0.015680684495544633
stand,hiker,0.011705127580251395
stand,fisherman,0.002065247842191806
stand,goat,0.005644272592313533
stand,actor,-0.011596623469193629
stand,boat,-0.012632390540462068
stand,calf,0.01445154403383815
stand,lamb,0.013164554585630794
stand,surfer,0.006828263821862031
stand,tourist,0.007653603719477029
stand,bird,8.98083973394477e-05
stand,cat,-0.006990583762032422
stand,cup,0.010838658025378612
stand,politician,-0.0014168463019217392
stand,seagull,0.004175223764452882
stand,species,-0.0063625764311944005
stand,coach,-0.00496344518754088
stand,penguin,0.004583400107744533
stand,teacher,0.00018260441277304546
stand,team,-0.00566940669059821
stand,train,-0.0042775413138049345
stand,airplane,0.0036128860084595374
stand,farmer,0.00015539654055610582
stand,hornbill,0.0036128860084595374
stand,statue,0.002613447415924105
stare,person,0.13607042823665616
stare,man,0.16183927257466246
stare,woman,0.060446515614921585
stare,boy,0.4090890972999997
stare,dog,0.24017735427618672
stare,girl,-0.00762266800242667
stay,woman,1.0
steal,person,0.5779803079239291
steal,player,0.42201969207607093
step,actor,0.818621257544784
step,person,0.18137874245521604
stick,car,1.0
stop,car,0.7260395333793944
stop,person,0.039729900828215425
stop,player,0.09924111598882272
stop,winner,0.13498944980356736
stream,sun,1.0
stretch,player,0.8037661948101035
stretch,woman,0.28848734721132224
stretch,person,-0.053293901149772095
stretch,man,-0.06330879510652505
stretch,species,0.024349154234871467
strike,player,0.5446052543204395
strike,person,0.20521578509525223
strike,athlete,0.2501789605843082
string,hammock,1.0
stroll,person,0.4541248604289343
stroll,woman,0.059536348837968704
stroll,couple,0.4238558780479332
stroll,man,-0.061004548030632204
stroll,actor,0.0980088508952457
stroll,tourist,0.025478609820550314
struggle,player,0.9005644555929831
struggle,person,0.09943554440701691
study,girl,0.2733115080720793
study,student,0.7774683091178938
study,person,-0.02921073688463492
study,man,-0.0215690803053381
stun,actor,0.4860467842222184
stun,artist,0.5171140997620517
stun,person,-0.0031608839842701465
style,person,1.0
substitute,player,1.0
sunbathe,person,0.5312812273207498
sunbathe,man,0.22946875823456672
sunbathe,woman,0.23925001444468355
support,fan,0.9147401028252085
support,person,0.08617753019503825
support,man,-0.0009176330202466185
surround,road,1.0
sway,tree,0.495786102974064
sway,flag,0.13046648559058407
sway,flower,0.19250461167672633
sway,grass,0.18124279975862564
sweep,man,1.0
swim,person,0.18632699179645298
swim,man,0.010035232468371427
swim,species,0.4088814623692896
swim,boy,0.14864385742063924
swim,woman,-0.04799946229467242
swim,girl,-0.010156128018617459
swim,duck,0.11933561340693132
swim,child,-0.004450866943296434
swim,dolphin,0.04922479604249994
swim,fish,0.0667297611759619
swim,kid,0.0030159537511524133
swim,swan,0.048169535099967006
swim,whale,0.02224325372532063
swing,person,0.32443676694102036
swing,player,0.6755632330589797
swirl,cloud,1.0
switch,person,1.0
tackle,player,1.0
take,person,0.27272874511354234
take,player,0.24464712721526116
take,man,-0.08083079167766312
take,woman,-0.10089324693386807
take,girl,-0.017267954321722158
take,actor,0.1892735463335609
take,hand,0.2311981937992562
take,mother,0.0652435067583944
take,athlete,0.036620630230677874
take,team,0.06056561394406981
take,boy,-0.022449072189811226
take,soldier,0.02371980448032312
take,student,0.020843273702160273
take,child,-0.017336612172821574
take,doctor,0.025577656519477923
take,golfer,0.030171027229383456
take,lady,0.004014888263282142
take,footballer,0.0028090337768167124
take,someone,0.04171732492786786
take,couple,-0.010352694998187802
talk,man,0.1742722311260497
talk,woman,0.007002418178996014
talk,person,-0.06107688565187723
talk,girl,-0.01779187916593812
talk,businessman,0.20793039282607423
talk,coach,0.2622264714985878
talk,player,-0.025068182394885584
talk,lady,0.11541456335405466
talk,actor,0.020602967280613806
talk,businesswoman,0.09408326033842503
talk,nurse,0.10372007326922708
talk,politician,0.07293699215560062
talk,doctor,0.045747577185072004
tap,person,1.0
taste,man,1.0
teach,person,0.74640683819131
teach,teacher,0.25359316180868996
team,person,1.0
tell,person,1.0
thank,player,0.9386645220726071
thank,person,0.06133547792739293
think,man,1.0
throw,player,0.5615830284119727
throw,person,0.0405008375017723
throw,athlete,0.15417203937619084
throw,pitcher,0.24024227881755286
throw,man,-0.03973388509882979
throw,woman,-0.037479051021559066
throw,goalkeeper,0.07684936014247189
throw,boy,-0.003976171437171918
throw,bride,0.011994167535933175
throw,girl,-0.018415055925934076
throw,coach,0.003998682592133906
throw,fisherman,0.010263769105467113
tie,boat,0.5038445408667668
tie,horse,0.24557609179646403
tie,hammock,0.2505793673367691
toast,person,1.0
toss,player,0.9278271649985809
toss,person,-0.013836801488944634
toss,woman,0.03657640969890477
toss,bride,0.04943322679145907
touch,woman,0.8807368551982322
touch,girl,0.1192631448017678
tow,truck,0.7685429316762853
tow,tractor,0.2314570683237147
track,person,1.0
train,player,1.0
transport,barge,1.0
travel,person,0.14988629851928845
travel,car,0.3291263332681529
travel,horse,0.3105386807987413
travel,boat,0.03924110760395445
travel,man,-0.027521454071101636
travel,truck,0.11795504395223884
travel,passenger,0.05199418169960278
travel,train,0.028779808229122968
trek,woman,1.0
trim,man,1.0
trot,horse,0.9656971425990387
trot,animal,0.034302857400961215
try,girl,0.5310877928599554
try,person,0.07777601506191616
try,woman,0.17214856613205753
try,actor,0.2189876259460709
turn,person,0.30154166403076854
turn,man,0.1756367312206627
turn,woman,0.18633567640997067
turn,girl,0.015354262830567985
turn,player,-0.047055688649622396
turn,tree,0.3681873541576525
tussle,player,1.0
type,man,1.0276063288630148
type,woman,-0.027606328863014756
use,man,0.2106882309415943
use,woman,0.1796994714655565
use,person,-0.0562986541429474
use,doctor,0.502021954569988
use,boy,0.10151416177612808
use,hand,0.11736042856386467
use,player,-0.03915396704050189
use,businessman,0.02605090692144133
use,girl,-0.04103545210443619
use,child,-0.010634689007351657
use,father,0.0013363508351718356
use,lady,0.008451257221492326
vie,player,0.23981617618936765
vie,footballer,0.4036737393434231
vie,person,-0.005374361695171662
vie,midfielder,0.20435679943997392
vie,defender,0.14932500518327863
vie,athlete,0.00820264153912839
view,person,1.0
visit,person,0.6451247575048431
visit,doctor,0.15993500365046523
visit,nurse,0.19494023884469172
wade,woman,0.22613369365873723
wade,person,0.02300175254981524
wade,man,0.05842191645258883
wade,species,0.6375741302832664
wade,boy,0.03216001517605533
wade,child,0.02270849187953691
wait,person,1.0
walk,man,0.3698537578318615
walk,person,-0.07377586904471688
walk,woman,0.18487722715163635
walk,girl,0.023824758846416504
walk,couple,0.16310248111536876
walk,boy,0.02508195409408636
walk,child,0.042344778037730714
walk,player,-0.14287972710268937
walk,bride,0.09625877869431801
walk,mother,0.009062528527976926
walk,kid,0.04918598671106635
walk,lady,0.07111143696866166
walk,businessman,0.041594044952583585
walk,soldier,0.09183450555671047
walk,father,0.007354209288593273
walk,dog,-0.03965721965074806
walk,daughter,0.04952976176369386
walk,toddler,0.019884542775619938
walk,cat,-0.0060601170728860065
walk,family,0.0041224764483473834
walk,puppy,-0.012658358584265016
walk,animal,-0.01165409002730711
walk,species,-0.006778066385206473
walk,athlete,-0.013451100167457422
walk,worker,0.009087858431539834
walk,beach,0.004062660683982076
walk,coach,-0.00649614100894332
walk,cub,0.007233368042373027
walk,girlfriend,0.012920807416615788
walk,politician,-0.00036263651482953046
walk,silhouette,0.007233368042373027
walk,teenager,0.003359226714146026
walk,umbrella,0.008618425618211412
walk,horse,-0.0052211416755319024
walk,sister,0.01076733951384649
walk,team,-0.007622772061960765
walk,actor,-0.010074813980989207
walk,brother,0.00442785025638323
walk,farmer,0.00442785025638323
walk,friend,-0.0012135278003526336
walk,hiker,0.0021662433324291324
walk,road,0.004067795734906403
walk,seagull,0.003429917664465729
walk,wolf,0.00442785025638323
walk,baby,-0.0020790203711028785
walk,duck,-0.0004715775421291748
walk,penguin,0.004875050029112417
walk,surfer,0.001465493121984326
walk,elephant,0.00013808474270561458
walk,kitten,-0.002473503830466887
walk,passenger,-0.00023914007063219366
walk,ant,0.0014364042697019024
wander,person,0.9539119130904085
wander,girl,0.04608808690959161
warm,player,0.45866450665146036
warm,girl,0.09931570467585035
warm,team,0.4650915073412773
warm,man,-0.023071718668588065
wash,man,0.35751257284393756
wash,woman,0.12162254785493676
wash,girl,0.22922014693812198
wash,boy,0.16568018455541894
wash,child,0.04463935488738576
wash,wave,0.06869728049275656
wash,person,-0.06796234578165543
wash,water,0.08059025820909765
watch,player,0.620289409258383
watch,golfer,0.2812553008863941
watch,athlete,0.08531793998157819
watch,person,-0.03417096806523408
watch,footballer,0.04730831793887886
wave,person,0.28953182503536506
wave,man,0.1246874761630597
wave,girl,0.07238152740659211
wave,woman,-0.06446593136156173
wave,flag,0.41890193722248553
wave,fan,0.1957766983301452
wave,player,-0.0368135327960858
wear,girl,0.40722175982175224
wear,man,0.07726928954793134
wear,person,-0.03739618707639322
wear,woman,0.033449815239513965
wear,actor,0.27660743128104676
wear,politician,0.12753020844747415
wear,supermodel,0.11531768273867482
welcome,person,1.0
whip,girl,1.0
win,player,0.5880219163203749
win,person,0.09452933045547914
win,athlete,0.15662592749372287
win,team,0.16082282573042303
wind,player,1.0
wipe,man,1.0
work,person,0.6011759832302562
work,man,0.02118450722545352
work,player,0.042105249669023494
work,student,0.2986609484290745
work,athlete,0.03687331144619246
wow,actor,0.6830436523950824
wow,artist,0.3016974708630704
wow,person,0.015258876741847272
wrestle,person,1.0
write,man,0.0924712672552477
write,person,0.03449182467996334
write,hand,0.6095924965049774
write,girl,0.010153440763871348
write,boy,0.027086270443093977
write,student,0.12305079231087572
write,woman,-0.04421476412273468
write,film,0.14736867216470537
yell,coach,0.8809523666500326
yell,player,0.11904763334996739
